id,title,status,stated_by,source,claim,has_non_manual_test,verified_by,note,opinion,decision
R-D1,Profiles reference auth.users by uuid,uncovered,agent,§17 D1,"user_profiles.user_id is a uuid foreign key to auth.users with ON DELETE CASCADE and a unique (org_id, user_id).",no,,"The unique (org_id, user_id) is what D98 (§19.40) will relax for multi-role.","add-test (sql): cheap to prove directly — assert the FK, the CASCADE and the unique index in one migration test rather than leaving a foundational constraint unproven.",
R-D2,"The capacity cap is read from org settings, default 1.0",covered,agent,§17 D2 §17.1,"check_operator_capacity reads orgs.settings capacity_cap, defaulting to 1.0. Configurability is proven by the 1.1-peak case, refused at cap 1.0 and accepted at 1.2.",yes,sql | supabase/tests/20_capacity_test.sql,,Solid: the sql test drives both the default and the 1.0/1.2 boundary the claim actually asserts.,
R-D3,"Child rows reference their parent by composite (org_id, id)",uncovered,agent,§17 D3 §19.18,"Parents carry unique (org_id, id) and children reference (org_id, id), so cross-tenant row stitching is structurally impossible.",no,,§19.18 found nodes.level_id was the one plain FK and added the composite in migration 0014.,add-test (sql): the composite-FK cross-tenant isolation claim is cheap to pin and a regression here is a silent security leak.,
R-D4,Two runs on one cell may not overlap in time,uncovered,agent,§17 D4 §15.2,"runs carries an exclusion constraint on (node_id, timerange) for non-cancelled rows, so a run move onto an occupied window is refused by the database with run_overlap.",no,,,add-test (sql): an exclusion-constraint invariant this important (no overlapping runs on a cell) deserves a direct assertion that run_overlap actually fires.,
R-D5,An assignment has exactly one of run_id or product_id,uncovered,agent,§17 D5,"A CHECK enforces exactly one of run_id and product_id, and a trigger forces a run-attached assignment's node_id to equal its run's node, refusing a half-completed cross-cell move.",no,,,add-test (sql): the CHECK-plus-trigger pairing is two mechanisms working together — exactly where an untested regression hides.,
R-D6,nodes.path is derived by trigger and cascades on rename or move,uncovered,agent,§17 D6 §17.1,"Callers never set path. A trigger slugifies the name onto the parent path and an AFTER UPDATE OF name, parent_id trigger rewrites every descendant's path.",no,,,add-test (sql): path cascade on rename/move is core to the whole hierarchy and deserves its own dedicated migration test.,
R-D7,org_id is carried on every child table for uniform RLS,uncovered,agent,§17 D7,"shifts, shift_breaks, node_shift_templates, operator_skills and node_skill_requirements all carry org_id.",no,,,"Low priority: a schema-completeness statement that mainly enables the RLS requirements around it (R-D8, R-D107 family); a standalone test would be redundant — accept-risk or fold into a migration lint.",
R-D8,"Operators, products, skills readable org-wide; nodes and writes grant-scoped",covered,agent,§17 D8,"Under RLS any user in the org can read operators, products and skills, so a conflict message can name a cell outside their grant. Subtree grants restrict which nodes are visible and all writes.",yes,sql | supabase/tests/40_rls_test.sql,,Solid: 40_rls_test.sql is the right shape of proof for a read/write-scope claim like this.,
R-D9,"Audit log is admin-read-only, written by trigger",uncovered,agent,§17 D9 §17.1,"audit_log rows are written by a SECURITY DEFINER trigger on runs and assignments only, are readable only by admins, and a no-op update (only updated_at changed) writes no row.",no,,,add-test (sql): the no-op-update-writes-no-row clause is the subtle part and regresses silently — worth a dedicated case.,
R-D12,Shifts in a template never overlap; resolution is a DB function,uncovered,agent,§17 D12 §16.3,"Non-overlap of shifts within a template is an exclusion constraint, and nearest-ancestor resolution is provided by resolve_shift_template(node).",no,,,"add-test (sql): same shape as R-D4 — an exclusion constraint plus a resolver function, cheap to pin with a handful of cases.",
R-D13,The board renders in UTC through one seam,superseded,agent,§18 D13,BOARD_ZONE in src/features/board/lib/time.ts is the only place the zone is known and no component calls a local-time Date method. Every day is exactly 1440 minutes.,no,,D88a (§19.21) makes the board axis site-local in Phase 2; D13 still describes what v1 ships.,Superseded by R-D88.,
R-D14,The board window is always whole days,uncovered,agent,§18 D14,"The date control picks dates and board_window is called with midnight-to-midnight instants, so day boundaries fall at exact multiples of 1440 minutes from the window origin.",no,,,add-test (vitest): a pure function over board_window's midnight boundaries is cheap to unit test and easy to break with an off-by-one.,
R-D15,x is minutes since windowStart; previous day's shift tail drawn,uncovered,agent,§18 D15,Horizontal position is minutes since the window start over a computed windowMinutes. Shift geometry loops from day −1 so an overnight shift from the day before the window appears on the first morning.,no,,,"add-test (vitest): the geometry math is pure and is literally the codebase's own ""pure, testable module"" — it just has no test yet.",
R-D16,Three zoom levels with fixed pixel and snap values,uncovered,agent,§18 D16,"Compact 64 px/h, Standard 104, Fine 168 with snaps 60, 30 and 15 minutes; Standard is the default.",no,,,Low priority: a constant table (pixel/snap per zoom level). A snapshot test is cheap but silent-regression risk is low; accept-risk is defensible.,
R-D17,The board opens on today with a 3-day window,uncovered,maintainer,§18 D17 §18.4,The default window starts at the start of today's UTC day and spans 3 days. The original Monday-of-the-week anchor was a seed concern that leaked into the product and was reversed.,no,,,"add-test (vitest): the note that this default was already ""reversed"" once means it's regressed before — worth pinning so it can't drift back quietly.",
R-D18,A node is a track row iff its level is schedulable,uncovered,agent,§18 D18,"Track rows are exactly the nodes on the schedulable level; indentation comes from path depth. Nothing hardcodes department, line or cell.",no,,,"add-test (vitest): likely exercised incidentally by treeView.test.ts, but nothing here names it directly — a short direct assertion would close the gap cheaply.",
R-D19,"Row windowing is hand-rolled from prefix sums, no virtualization library",uncovered,agent,§18 D19,"Row heights are computed from lane packing, not measured, so visible rows are found by prefix-sum offsets and a binary search in a pure, testable module.",no,,,"add-test (vitest): the claim itself says this was built as ""a pure, testable module"" — that module has no listed test, the clearest gap in this file.",
R-D37,A reverted edit's toast names the block,uncovered,brief,§18.6 D37,"When a drag is reverted the toast reads like ""Widget X 06:00–14:00 — reverted"". Capacity, eligibility and run-overlap errors already name the operator or cell and go through the one error path; every other error gets the block label prefixed.",no,,§18.6: popover-fired mutations still toast without a label; needs runById/assignmentById.,"Low priority: a toast-copy requirement — a wrong string is cosmetic, not correctness; accept-risk is fine short-term.",
R-D46,Density is a manual setting,superseded,agent,§18.9 §18.10 D46,"Board density (Comfortable, Standard, Compact) is chosen manually from the toolbar.",no,,Amended in §18.10 to add Fit as default and removed entirely by D75 (§19.7).,Superseded by R-D75.,
R-D66,A chip can be re-parented between runs or detached to direct,uncovered,brief,§18.13 D66,"An existing assignment can be moved to another run or detached to a direct assignment by patching run_id and product_id through the existing field-edit path, with no second write path.",no,,,add-test (sql or vitest): re-parenting/detaching through the existing field-edit path is real business logic and deserves a direct test.,
R-D67,Node paths are unique per org,covered,agent,§19.1 §19.2 D67,"(org_id, path) carries a unique index, so two roots cannot share a name and sibling names that slugify alike are refused. This closes the grant leak where a grant on one node matched another with a byte-identical path.",yes,sql | supabase/tests/70_hierarchy_test.sql,,Solid: the unique-index test directly proves the claim and closes a real grant-leak scenario.,
R-D68,A node can never become its own ancestor,covered,agent,§19.1 §19.2 D68,A BEFORE trigger named to sort before the path trigger rejects a parent that is the node itself or one of its descendants.,yes,sql | supabase/tests/70_hierarchy_test.sql,,Solid: the anti-cycle trigger is proven directly.,
R-D69,"A node sits one level below its parent, same structure",covered,agent,§19.2 D69 §19.18 §19.41,A trigger on nodes enforces that a root sits at position 0 and a child sits one position below its parent within the same hierarchy template. An escape hatch setting exists for migration tools and is honoured only for the table owner.,yes,sql | supabase/tests/70_hierarchy_test.sql ;; sql | supabase/tests/90_hierarchy_template_test.sql | cases T7,,Solid: two sql suites cover both the base rule and the migration escape hatch.,
R-D70,The level list is saved whole; array index is the position,covered,agent,§19.2 D70,"save_hierarchy_levels takes the entire ordered array for one template, capped at 64 levels, so positions can never have gaps and reordering plus moving the schedulable flag happen in one call.",yes,sql | supabase/tests/70_hierarchy_test.sql,,Solid: the whole-array contract is proven by the same suite that exercises reordering.,
R-D71,move_node re-parents only and never changes a node's level,covered,agent,§19.2 D71,The new parent must be exactly one level above the node's existing level; a move that would silently promote or demote is refused with level_mismatch.,yes,sql | supabase/tests/70_hierarchy_test.sql | cases N17,,Solid: case N17 pins the specific level_mismatch refusal described.,
R-D72,The schedulable flag cannot move while scheduled work exists,covered,agent,§19.2 D72,Moving the schedulable level is refused with schedulable_level_locked while any run or any direct assignment sits on that level. Both are counted because a direct assignment can exist with no run.,yes,sql | supabase/tests/70_hierarchy_test.sql | cases L12,,Solid: case L12 is a direct hit on the claim.,
R-D73,delete_node deactivates a whole subtree or deletes only an unused leaf,covered,agent,§19.2 D73 §19.5,"Mode deactivate cascades to the subtree; mode delete refuses while the node has children, runs or assignments. A NULL or unknown mode must never fall through to delete.",yes,sql | supabase/tests/70_hierarchy_test.sql | cases D1–D3,,Solid: both branches plus the dangerous NULL/unknown-mode case are covered.,
R-D74,"Hierarchy RPCs raise named codes, never raw constraint errors",covered,agent,§19.2 D74 §19.5 §19.18,"path_collision, node_cycle, level_mismatch, level_in_use, node_in_use and schedulable_level_locked join the closed set (twelve codes in all), every one PT409. RPCs pre-check and raise a named code, and malformed arguments such as NULL or an unparseable id return a closed-set code rather than 23502 or 22P02.",yes,sql | supabase/tests/70_hierarchy_test.sql,,"Adequate but loose: the claim lists twelve named codes but verified_by cites no case ids, so it's not clear every code in the closed set is actually exercised — worth a quick audit of the test file rather than a new one.",
R-D75,Fit is the only density mode,uncovered,agent,§19.7 D75,The three manual density buttons are removed. The fit mechanism remains and restoring the control is re-adding one button group.,no,,,add-test (vitest): a negative claim (three buttons removed) — cheap regression guard against someone re-adding the control.,
R-D76,"Chrome uses --chrome-scale, never --ui-scale",covered,agent,§18.15 §19.6 D76,"Anything outside the fitted scroll container that consumes vertical space (header, toolbar, app shell, status lines) scales with the viewport-driven --chrome-scale. --ui-scale reaches only fitted content. Otherwise fit feeds back into its own input and oscillates.",yes,vitest | src/test/scaleAudit.test.ts,,Solid: scaleAudit.test.ts is built exactly for this class of claim.,
R-D77,Portaled floating panels are chrome; the drag ghost is not,uncovered,agent,§19.10 D77,"Popovers and the toast stack scale with --chrome-scale in every dimension, not just font-size. The drag ghost stays on --ui-scale because it is a preview of a fitted block.",no,,,"add-test (vitest): scaleAudit.test.ts already covers the sibling --chrome-scale claims — this one looks like an oversight, cheap to add there.",
R-D83,Node read and edit checks are scoped to the caller's org,covered,agent,§19.15 D83,"app_can_read_node and app_can_edit_node resolve the node together with its org, so an admin or a grant in one org can never read or write another org's runs, assignments or nodes even when paths are identical.",yes,sql | supabase/tests/80_cross_org_test.sql | cases C1–C7,,"Solid: C1–C7 is a direct, thorough proof of the cross-org boundary.",
R-D84,Scaling is the unit: rem surfaces on a scaled root,covered,agent,§19.16 D84,":root font-size is 100% times --chrome-scale, guarded by @supports with a plain default, and new surfaces size in rem. Breakpoints stay in px. The board keeps calc(px * scale) because its geometry is computed in pixels.",yes,vitest | src/test/scaleAudit.test.ts,,"Solid, same scaleAudit.test.ts suite.",
R-D85,nodes_select keeps an admin short-circuit that reads no table,covered,agent,§19.17 D85 §19.40 §19.43,"The nodes SELECT policy is org_id = app_current_org() and (app_is_admin() or app_can_read_node(id)). The app_is_admin() term must answer without reading nodes, or INSERT ... RETURNING cannot see its own row and create_node breaks for everyone.",yes,sql | supabase/tests/70_hierarchy_test.sql | cases N1,,Solid: case N1 precisely pins the exact failure mode described.,
R-D86,Each site may have its own hierarchy shape,covered,maintainer,§19.16 §19.18 D86,"Levels belong to a named, org-scoped hierarchy template. One org can run Site › Department › Line › Cell at one plant and Site › Line at another, scheduling at different depths. A node's template is its level's template and a tree never straddles two templates.",yes,"sql | supabase/tests/90_hierarchy_template_test.sql | cases T6, T7",,"Solid, T6/T7 in the hierarchy template suite.",
R-D87,create_node takes a template id for a root node,covered,maintainer,§19.19 §19.20 §19.22 D87,create_node accepts p_template_id. For a root it is required when the org holds more than one template and defaults to the only one otherwise; for a child the level is resolved within the parent's template. A root must never land in an arbitrary template.,yes,"sql | supabase/tests/90_hierarchy_template_test.sql | cases T20–T28, T30–T32 ;; vitest | src/test/shapePicker.test.ts",,Solid: both the sql side and the client picker are covered.,
R-D88,"Per-site timezone: site-local axis, wall-clock shifts, Phase 2",uncovered,maintainer,§19.21 D88,"The board axis is the site's local time (D88a). A shift keeps its posted wall-clock start across a DST change, so it is 7 or 9 hours that day (D88b). The timezone hangs off a node, resolved nearest-ancestor with an org fallback. Scheduled for Phase 2 (D88c); nothing new may assume UTC.",no,,,Reasonable to leave uncovered for now — explicitly Phase 2 work with three sub-claims; flag so it isn't forgotten when that phase starts.,
R-D89,Form controls inherit font and body is sized in rem,covered,maintainer,§19.23 D89,"input, button, select, textarea and optgroup inherit font and letter-spacing globally, and body font-size is 0.8125rem, so every control scales with the root and forgetting a class costs a border, never the typeface or size. Every admin stylesheet is a rem surface.",yes,vitest | src/test/scaleAudit.test.ts,,"Solid, scaleAudit.test.ts.",
R-D90,Tree grouped by Site Structure with a level label per row,covered,maintainer,§19.24 D90,"The section is named Site Structure and the picker merges into the Levels card. Rows are grouped by template (heading only when the org holds more than one), every row shows its level name, a row with an unresolvable level lands in a trailing group rather than disappearing, and vertical guide rails show ancestry.",yes,vitest | src/test/treeView.test.ts,"§19.24 names the ""37-case treeView suite"" and cases G1–G9, K1–K6; the .test.ts filename is inferred from the module name.",Solid: the grouping and fallback-group cases map directly onto the claim.,
R-D91,No RLS-scoped read is issued before the identity is settled,covered,agent,§19.25 D91,"Query hooks take a required enabled flag driven by canQueryAsUser(userId, loading), and screens show a spinner while the session resolves. Only null means nobody; an empty-string id is an identity.",yes,vitest | src/test/session.test.ts | cases Q1–Q6,,"Solid: a precise, well-targeted suite for a subtle race condition.",
R-D92,A level save that would strand nodes is refused,covered,maintainer,§19.27 §19.29 D92,"After writing the new order, save_hierarchy_levels checks the real rows: every root in the template sits at position 0 and every child sits one below its parent. Either failing raises level_in_use and aborts, leaving the stored order untouched. Phrased as an outcome so a scrambled structure can still be repaired.",yes,"sql | supabase/tests/70_hierarchy_test.sql | cases L1, L1b, L13–L17",,Solid: covers the strand-refusal both ways.,
R-D93,Every RPC is explicitly revoked from PUBLIC and anon,covered,agent,§17.2 §19.29 §19.37 D93,"Every function in the API surface carries REVOKE EXECUTE FROM PUBLIC and anon alongside GRANT to authenticated, and every migration that creates or recreates a function carries its own grant block.",yes,sql | supabase/tests/70_hierarchy_test.sql | cases L17 ;; sql | supabase/tests/75_node_mobility_test.sql | cases M29,,"Adequate but really lint-shaped (""every migration carries its own grant block"") — the sql cases prove specific functions, not the for-all; an audit-style test (like scaleAudit's) would catch new offenders better.",
R-D94,"Siblings reorder by drag, placed before or after a row",covered,maintainer,§19.34 §19.37 D94,"Dragging a node between two siblings reorders it. The top and bottom bands of a row mean place before or after as a sibling; the middle band adopts. An insertion caret is shown, a noop canDropOn result is legal for a pure reorder, and a same-level refusal is worded as an unsupported reorder, not a lecture about levels.",yes,sql | supabase/tests/75_node_mobility_test.sql | cases M1–M8,"The server half (place_node) is built and tested; the client gesture is P1-5l, not yet built within §19.0–§19.43.",Solid: covers the reorder/adopt/refusal shape well.,
R-D95,Whole row drags with a mouse; handle alone on touch,uncovered,maintainer,§19.35 D95,"For mouse and pen the whole tree row is the drag source with a ~4px movement threshold so clicks stay clicks; on touch only the ⠿ handle drags so the page stays scrollable. The handle remains visible as the affordance. The level list gets drag-to-reorder (moveTo) in the same build, sharing one pointer mechanism.",no,,,add-test (e2e or vitest): touch-vs-mouse drag source and shared pointer mechanism are exactly the kind of gesture code that silently breaks.,
R-D97,"System admin, site admin, supervisor: no lurking",uncovered,maintainer,§19.38 D97,"A system admin has all powers on any site; a site admin changes only the site they belong to; a supervisor edits assignments only and has no access to the admin page. Admin functions must ask ""admin for this node?"" rather than ""admin at all?"".",no,,"Step 2 (hiding the admin page) is built as R-079; the tier design is open pending §19.44+. ⚠️ ONE CLAUSE HERE IS OUT OF DATE AND WAS FOUND BY WRITING A TEST AGAINST IT: ""a supervisor ... has no access to the admin page"" stopped being true at D114. Migration 0032 made a supervisor's grant enough to keep a training record — the maintainer's reason was the job, ""the supervisor will be the one who enters or uploads the training information"" — so `adminAccess` admits them and `adminSectionsFor` decides which rooms they get. The row is left as the maintainer stated it rather than quietly edited; the correction lives here, and `requireAdmin.test.tsx` G3b pins the current behaviour so nobody restores a refusal the server would contradict.",Needs reword before it needs a test: the note already flags one clause as out of date (supervisor now DOES reach the admin page per D114) — fix the wording first.,
R-D98,"A role belongs to a (person, scope) pair",uncovered,maintainer,§19.40 D98,"A person can hold several roles case by case, for example supervisor in one scope and admin in another, by carrying a role on each grant row instead of one role per profile. The cross-org escalation must be closed before multi-role is switched on.",no,,,"add-test (sql), but gate it on the cross-org escalation fix the requirement itself names as a precondition — testing now would pin a known-unsafe state.",
R-D100,"One drag surface for every screen, by default",covered,maintainer,§19.58 D100,"Drag colours, grip, ghost opacity, hover tint and cursor rules live once — `--drag-*` / `--drop-*` tokens in `tokens.css` and rules in `dragSurface.module.css` that both surfaces compose. No drag surface names `--signal-ok` directly or re-declares a shared rule; every token a surface reads is defined.",yes,"vitest | src/test/scaleAudit.test.ts | cases G1–G12 (G12 pins the needle list), R10","""D100"" is also used in §19.53 for the `dev_demo.sql` id collision, which is a defect finding, not a requirement.","Solid: a thorough, mutation-backed proof of a token-discipline claim.",
R-D101,"Shift patterns are per-site, with company defaults",covered,maintainer,§19.59 D101,"Shift patterns belong to a site; a site admin sets up their own site's patterns, a company admin may seed a default pattern that sits alongside them. Which pattern a node runs is still resolved by nearest ancestor up the tree; ownership decides who may edit a pattern, not which one applies.",yes,"sql | supabase/tests/51_shared_list_owners_test.sql | cases Q0–Q37 (shift_templates, shifts, shift_breaks policies)","The ""company default"" half was removed by D108 (no company-wide row); the per-site half stands.","Solid, but the note says the company-default half was later removed by D108 — reword the claim to just the per-site half that still applies.",
R-D102,A product's colour belongs to whoever owns the product,covered,maintainer,§19.59 §19.60 D102,"A product stores its colour as a palette token name, never a hex; the column is NOT NULL and is filled on insert with the least-used token within the owner's scope, so inserting a product never changes an existing product's colour. The palette is exactly as wide as `tokens.css` defines (four). There is no per-site colour override table.",yes,"sql | supabase/tests/51_shared_list_owners_test.sql | cases Q23, Q31, Q35 ;; sql | supabase/tests/upgrade_0023_product_colour.sql | cases V1 (existing board does not move)","Amended three times: §19.65 made the colour user-settable, §19.66 (0025) admitted a canonical hex, §19.81 (D115) balances the automatic pick across the whole org rather than per owner.","Solid, but three later amendments are noted — worth a reword pass so the claim matches current behavior rather than v1.",
R-D103,Where a thing belongs decides where it is offered,covered,maintainer,§19.65 §19.66 D103,"A product or shift pattern can belong to any node in the hierarchy, not only a plant. It is offered at every node at or below its owner and nowhere else; offering is a union across owners (a node offers many products), the ancestor test is by ltree label not string prefix, and the client mirror fails open. Company-wide was the everywhere fallback.",yes,"sql | supabase/tests/52_scope_and_colour_test.sql | cases S1–S19 (S10 union, S14 spellings, S18) ;; sql | supabase/tests/upgrade_0025_scope_widening.sql | cases 5 checks ;; vitest | src/test/scope.test.ts | cases X1–X26 (X9 union, X11 fails open; mutation Y1)",The board-side wiring of `offeredHere` landed in §19.76. Company-wide fallback removed by D108.,"Solid and thorough, though again the note says the company-wide fallback was removed by D108 — same staleness issue as D101.",
R-D104,"Tickets are called trainings, and a training has a record",covered,maintainer,§19.66 D104,"""Training"" replaces ""ticket"" in every label while `skills` / `operator_skills` keep their names. A training record carries trained-on, signed-off-by (a named person) and expiry. Trainings get their own section where a supervisor manages the catalogue and sees who holds what. It lands after the area rule.",yes,"vitest | src/test/operatorsPanel.test.tsx | cases O19–O29 (a grant sends all three facts, signer free-text)","Built across §19.85–§19.87. The signer shipped as free text, not an FK to `user_profiles` as D104 first described.","Adequate: proves the training-record shape, but the note says the signer shipped as free text rather than the FK the claim implies — reword to match what shipped.",
R-D105,"What you can set once, you must be able to change",covered,maintainer,§19.66 §19.67 D105,"Every scoped list (products, operators, shift patterns) that lets you choose where a row belongs at creation lets you change it afterwards from the edit form. ""Not supplied"" (`undefined`) and ""move it company-wide"" (`null`) are spelled differently so a rename cannot silently move a row.",yes,"vitest | src/test/scaleAudit.test.ts | cases J1–J7 (J3 asserts its own mutation applied) ;; vitest | src/test/productsPanel.test.tsx | cases T5, T6",,Solid: covers both the mutation-applies and undefined-vs-null distinction directly.,
R-D106,A control may not be named after less than it does,covered,maintainer,§19.67 D106,"When a control opens a form, its name must not be narrower than the fields in that form. A button that opens code, name and ""Belongs to"" is `Edit`, never `Rename`; a disabled control explains why.",yes,vitest | src/test/productsPanel.test.tsx | cases T1–T7,,"Solid, maps cleanly onto the naming rule.",
R-D107,"Ownership decides who may read, not only who may edit",covered,maintainer,§19.68 §19.69 D107,"A shared row is readable when it is company-wide, or when its owning node and one of the reader's grants lie on the same branch in either direction — a grant on Line 1 reads Plant 1's rows, a grant on Plant 2 does not. Company admins read everything. Dependents follow their parent: shifts their template, breaks their shift, `operator_skills` the operator. The `org_id` term stays inside every policy.",yes,"sql | supabase/tests/53_read_scoping_test.sql | cases R2, R4, R6, R7, R8, R16, R17",The company-wide branch was removed by D108. `hierarchy_templates` / `hierarchy_levels` stay org-wide readable on purpose (open).,"Solid, good spread of cases, though same staleness note as D101/D103 (company-wide branch removed by D108).",
R-D108,There is no company-wide row,covered,maintainer,§19.72 D108,"`site_node_id` is NOT NULL on `products`, `operators`, `skills` and `shift_templates`. The read rule is one sentence: you may read a row when the node that owns it and one of your grants are on the same branch, either direction; company admins read everything. No trigger fills a default owner — a client must send one.",yes,"sql | supabase/tests/55_ownership_scope_test.sql | cases N1–N18 (N12 over every row) ;; sql | supabase/tests/51_shared_list_owners_test.sql | cases Q22, Q22b ;; sql | supabase/tests/upgrade_0028_ownership_backfill.sql | cases 5 checks","For products the single owner was replaced by a list of plants in D115 (§19.81); operators, skills and shift patterns keep the single NOT NULL owner.","Solid and current — this is the D108 rewrite itself, well covered across three suites including a backfill migration check.",
R-D109,Ownership scopes any level; nothing is assigned outside it,covered,maintainer,§19.72 §19.75 D109,"A row may be owned by any node, not only a root. A run's product must be owned by an ancestor-or-self of the run's node; likewise an assignment's operator, a node's training requirements and a node's shift pattern. The refusal is `not_offered_here`. Under this rule the history read exception is provably redundant and was deleted.",yes,"sql | supabase/tests/55_ownership_scope_test.sql | cases N12, N13","The operator half gained a recorded-reason override in D113 (§19.76); the product half became ""any assigned plant covers the cell"" in D115 (§19.81) and stays absolute.",Solid: explicit dead-code deletion (the history-read exception) is a good sign of a well-maintained requirement.,
R-D110,Delete keeps the past,covered,maintainer,§19.72 §19.74 D110,"Deleting a product or person removes it from the list and from anything not yet started; completed and started runs keep their record of it. ""Not yet started"" is `lower(timerange) > now()`; a run whose start is unbounded is kept. The dialog names the counts and encourages Deactivate first; it is the site admin's call.",yes,"sql | supabase/tests/56_ (full name not given in §19.74) | cases D17, D25, D27 (31 cases) ;; sql | supabase/tests/upgrade_0029_ (full name not given) | cases 6 checks",,"Adequate but the verified_by has two files marked ""(full name not given)"" — worth filling those in so the row is actually traceable.",
R-D111,Plants copy from a starter library the company curates,superseded,maintainer,§19.72 D111,"With no company-wide rows, a plant instead copies entries from a starter library a company admin curates — shift patterns, trainings, products and people. A copy is an ordinary owned row with no link back.",no,,"§19.83 narrowed it: asked what a new plant copies, the maintainer chose structure only (R-282); parts and people arrive by CSV import. The catalogue half (D111b) is recorded as not built (§19.80). D111a (trainings per owner) is the built precondition.","Correctly superseded by R-D111a, and the note documents the split (structure vs. catalogue) well.",
R-D111a,Training names are unique per owner; site admins add their own,covered,maintainer,§19.80 D111a,"Trainings can be added by a site admin to their own site only. Names are unique per `(org, site_node_id, name)` rather than company-wide, so two plants may each hold ""Forklift""; the plant is shown beside the name, never stored as a prefix. Line 1 and Line 2 inside one plant may each hold the same name (database refuses per owner; the screen warns per plant).",yes,"sql | supabase/tests/58_trainings_per_owner_test.sql | cases T3–T8 (T5 pins the per-plant loosening, T8 the composite FK) ;; sql | supabase/tests/upgrade_0031_ (full name not given) | cases U31-1–U31-7 (U31-6: depends on NOT NULL)",,Solid: proves both the per-owner uniqueness and per-plant display rule.,
R-325,"A reader the server has granted nothing is told that, not shown empty panels",covered,agent,NEXT 4,"When the hierarchy read comes back with NO nodes for somebody who is not a company admin -- the same answer `nodes_select` gives, `app_is_admin()` or a path under `app_grant_paths(false)` -- the admin screen says so in words and renders no rail and no panels. A read that FAILED says something different and refuses to be mistaken for a permission, and that alert is reachable from every section rather than only from the Hierarchy tab.",yes,"vitest | src/test/adminNoGrants.test.tsx | cases N1-N5 (N1 the empty scope, N2 a failed read is not a permission, N5 no flash before the answer)",,"Solid: a precise, well-targeted suite distinguishing ""nothing shared"" from ""read failed,"" exactly the subtle bug this class of requirement invites.",
R-326,A certification cannot outlive the plant it was earned in,covered,maintainer,session 58 conversation,"The maintainer, asked whether cross-plant certifications should be possible at all: *""I do not want cross-plant certifications.""* `app_guard_operator_skill_scope` already refuses to CREATE a holder row whose training and person sit on different branches; the same test must be applied when either END moves. Moving a training to an owner that no longer covers one of its holders is refused, and so is moving a person away from a training they hold. ⚠️ The test is the INSERT guard's own -- containment in EITHER direction -- and not `app_owner_covers_in_org`, which is one-directional: a person owned by a whole plant may legitimately hold a training owned by one of its lines, and a rehome guard using the narrower test would refuse a move that leaves a pairing the insert guard permits.",yes,"sql | supabase/tests/68_no_cross_plant_certification_test.sql | cases C0-C7 (C1/C2 the two refusals, C3 the case the shared predicate exists for -- a training moved DOWN inside the plant while its holder owns the plant, which `app_owner_covers_in_org` would wrongly refuse -- C4 its mirror, C5/C7 moves with nobody in the way, C6 the grant guard unchanged)",,Solid — covers both refusal directions and specifically the asymmetric-predicate edge case the note explains.,
R-327,"A shift pattern can be retired, and retiring says what it does not do",covered,agent,NEXT S21,"`shift_templates.active` is reachable from the Shifts screen as Retire / Bring back, in the shape `skills.active` got in session 18. ⚠️ The flag is ADVISORY and the database enforces nothing with it — 0029's own column comment says so, `resolve_shift_template` never reads it and `board_window` does not emit it — so the client is the whole of the rule. Retiring offers the pattern no longer when pointing a place at one, detaches nothing, and changes no board; a place already running a retired pattern still shows it in its own picker; and a retired pattern that places still run says so and counts them.",yes,"vitest | src/test/shiftsPanel.test.tsx | cases S18-S22 (S21 is a regression guard against the tempting over-fix, and was green before) ;; vitest | src/test/apiShiftShape.test.ts | cases P1-P4 (the column list held against its own parser; P1/P2 verified red against a broken constant)",,"Adequate, but the requirement's claim buries an important fact (the flag is advisory only, DB enforces nothing) in an aside — reword the claim to say that plainly.",
R-328,"The audit log can be read, by the only people the server will show it to",covered,agent,NEXT Phase 1,"An Activity section on `/admin` renders `audit_log` as when / who / what / a field-level diff, newest first, keyset-paged fifty at a time and always stating whether more remain. ⚠️ TWO GATES, because `audit_log_select` is `app_is_admin() AND org_id = app_current_org()` and a site admin reading it gets ZERO ROWS, no error and no refusal — indistinguishable from ""nothing has ever changed here"". The rail hides the section and the panel independently refuses to fire the query, both on `profile.role === ""admin""`, which is the policy's own first term rather than a client rule. A subject's name comes from the snapshot, never a join: after a delete the row is gone, and after a rename the snapshot holds the name as it was.",yes,"vitest | src/test/auditAccess.test.tsx | cases who is offered the section and who is not ;; vitest | src/test/auditPanel.test.tsx | cases 15 cases including the D91 guard — the screen never claims the log is empty while the session resolves ;; vitest | src/test/auditView.test.ts | cases the pure rendering half, including the range literal and the Postgres-timestamp normalisation ;; vitest | src/test/apiAuditShape.test.ts | cases the read's column list held against its guard",,Solid — four suites (access/empty/rendering/API-shape) is thorough for one requirement.,
R-329,"A change is attributed to a person, and only a company admin may ask who",covered,maintainer,session 61 conversation,"*""the who needs to show a user, it is currently not that helpful.""* `audit_actor_identities()` (0046) returns, for the caller's own org, each profile's `auth.uid()`, org-wide role and email address. ⛔ It REFUSES anyone who is not a company admin rather than returning an empty set — an empty table is what a broken function returns, so silence would prove nothing — and its `org_id = app_current_org()` join is the only thing between one company's admin and another's address book, since `auth.users` carries no org of its own. It takes no arguments, so there is no id to widen. The Activity screen shows the address where there is one, ""You"" for the reader's own changes, and role-plus-tail where there is not.",yes,"sql | supabase/tests/69_actor_identities_test.sql | cases E0-E8 (E1/E5 pin the org boundary by SET EQUALITY in both directions, E3/E4 that a site admin and a supervisor are REFUSED rather than shown nothing, E8 the grants and the pinned search_path) ;; vitest | src/test/apiAuditShape.test.ts | cases the read's columns held against its guard, including the nullable address",,Solid — proving the org boundary by set equality in both directions is a genuinely strong test.,
R-330,"A filtered log says what it searched, never what it did not",covered,maintainer,session 61 conversation,"*""It needs a filter for time period and then on the what column as well.""* The Activity list filters by period, kind of change and kind of thing. ⛔ THE LIST IS KEYSET-PAGED, so the screen keeps the SCAN (rows read) and the MATCH (rows kept) apart and may only say ""all"" when it can prove the scan passed the period's edge — rows inside a now-anchored period are a PREFIX of a newest-first read, so one row older than the cutoff proves nothing unread can match. Periods that do not end at now are therefore not offered at all. The cutoff is frozen when chosen, and a row whose timestamp cannot be parsed is always shown and never counted as proof the window is exhausted.",yes,"vitest | src/test/auditPanel.test.tsx | cases 27 cases including a filtered-empty list that is not called an empty log, the unfinished-search sentence, the self-read bound, and the address actually rendering",,Solid — 27 cases and the scan-vs-match distinction is exactly the subtle bug class worth pinning this hard.,
R-331,"A setting is answered for a plant, not only for the company",covered,maintainer,session 62 conversation,"*""These settings I think cannot be applied plant wise which defeats the purpose of both options. Lets make it possible to assign settings individually for each plant.""* A schedulable rule is resolved for the NODE it is being applied to — the nearest ancestor that has an answer, falling back to the company's — rather than read once from `orgs.settings`. `eligibility_policy` is the first, because a company running one strict plant and one permissive one currently cannot say so and the warn/block choice is therefore company-wide or nothing. ⚠️ Every server-side reader must resolve the same way: `check_eligibility`, `create_assignment`, `move_run`, `apply_split_coverage` and their 0043/0044 successors all read `orgs.settings->>'eligibility_policy'` today, and one left behind is a plant whose rule is enforced on some paths and not others.",yes,"sql | supabase/tests/73_plant_settings_test.sql | cases P0-P17 (a plant override beats the company default, an untouched plant still follows it, clearing returns it to inheriting, a non-admin is REFUSED not silently no-op'd, and P16/P17 drive a SUPERVISOR who cannot read the plant root -- the case an invoker resolver passes 16/16 without) ;; vitest | src/test/plantSettings.test.ts | cases the three states, and which plants a reader may administer, composed from the server's own two arms rather than from `canEditNode`, whose third arm the write policy refuses ;; vitest | src/test/settingsPanel.test.tsx | cases 15 cases on the three states, returning to inheriting, and what a site admin sees","⚠️ THE BOARD IS NOT YET PLANT-AWARE. It still hands one company-wide value to `CreatePopover`, so a plant set to refuse would offer an override tick the server then refuses -- F-087's shape again. Migration 0051 and its test are the remaining half.","Adequate, but the note admits the board is NOT yet plant-aware for eligibility_policy — that's a real gap hiding inside a covered row; it deserves its own uncovered id, not a footnote.",
R-332,Every setting's control lines up with every other setting's,covered,maintainer,session 62 conversation,"*""in the settings tab, the drop down options are not aligned in different options. It does not look professional.""* A settings row is laid out by ONE shared definition, so every control starts and ends on the same edge whatever its longest option happens to say. ⚠️ The cause was structural, as R-318's was: the row is a flex box whose control column is `flex: 0 0 auto`, so each picker is sized by its own content and two rows can only align by coincidence. R-318 made the BOX one definition; this makes the ROW one.",yes,"vitest | src/test/settingRowStandard.test.ts | cases 14 cases on four prongs -- no stylesheet outside the shared module names a rule after a setting and lays it out; the width token is declared exactly once and in rem; the shared module's own shape; and a count in the panel that disagrees the moment a control dodges the shared cell. Eight mutations were applied and each caught by a different case. ;; vitest | src/test/settingsPanel.test.tsx | cases every setting, company-wide or per-plant, renders in the same shared row and column",,"Solid — mutation testing (eight mutations, each caught by a different case) is much stronger evidence than ordinary assertions.",
R-333,"The Settings tab follows the plant filter, and every setting on it is per-plant",covered,maintainer,session 62 conversation,"*""There is a filter at the top for selecting plants. Once we select the plant at the top we should be able to assign the settings to that particular plant, and it should be all types of settings on the settings tab, not just this one.""* Settings reads `usePlantFilter` like every other admin panel rather than growing its own plant list: choose a plant and the tab edits THAT plant's values; choose All plants and it edits the company defaults everything falls back to. Every setting the tab surfaces is per-plant — the date format as well as the eligibility policy — each with the same three states (inheriting / set here / set here to the other value). ⛔ THIS OVERRULES AN ASSUMPTION THE PREVIOUS PIECE SHIPPED ON. R-331 was built keeping `date_format` company-wide on the reasoning that it is a reader's display convention rather than a plant's rule. The maintainer has decided otherwise and that is the answer. ⚠️ A SCREEN THAT SPANS PLANTS HAS NO PLANT TO ASK — but ""spans plants"" is a state, not a property of a screen, and this clause first read as though it were the latter. Activity lists every plant at once ONLY while its filter says All plants; narrowed to one, it resolves that plant's value like any other screen. A screen genuinely showing more than one plant uses the COMPANY default and says nothing misleading by doing so. ⛔ CORRECTED AFTER SHIPPING WRONG, AND THE SHAPE IS WORTH MORE THAN THE FIX. The per-plant date format and Activity's plant filter were built in PARALLEL LANES in one session. The first was briefed with ""Activity spans plants and therefore reads the company value"" as a fixed fact; the second made that false while it was still being written. Two correct halves, one stale sentence between them, and neither lane could see it. The maintainer found it on the screen.",yes,"sql | supabase/tests/73_plant_settings_test.sql | cases P0-P22 (P18-P21 the date format as a per-plant key, P22 that an unvalidated key is still refused) ;; vitest | src/test/settingsPanel.test.tsx | cases 40 cases -- the two scopes named in words, all three states on BOTH settings, and the one-readable-plant split between a company admin and a site admin ;; vitest | src/test/plantSettings.test.ts | cases 15 cases on `settingsScope` and which plants a reader may administer ;; vitest | src/test/auditAccess.test.tsx | cases the tab is REACHABLE by the person it was built for -- a site admin is offered Settings and not Activity, in one case, so re-coupling the two goes red","⛔ CONTRADICTED 6 Sept by DEF-0017 (tester, minor): Plant A sets date_format = ymd_slash, Dana's board reads `Mon 2026/08/31`, and Ana's board of Line 1 inside the same plant reads `Mon Aug 31` --- the company value. The server says her line uses the plant's (`app_resolve_node_setting(line_1,'date_format')` = ymd_slash as Ana); `useDateFormat` reads only the root node's own node_settings row, which for a line does not exist and whose plant row above her grant she cannot read. The pin reads the hook and the last board_window for a server-resolved answer. ⛔ COVERED IS NOT THE SAME AS REACHABLE, AND THIS ROW WAS BOTH FOR A DAY (DEF-0007). Forty cases proved the tab edits the chosen plant's values, including the two site-admin states; none of them asked whether the person who runs one plant can OPEN the tab, because the panel was rendered directly. `AdminPage` hid it from them. Every case green, the requirement's whole point unreachable by its main audience. A panel suite that mounts the panel cannot see its own rail, so a requirement about what a screen lets someone do needs one case at the level that decides whether they get there -- which is why an `auditAccess.test.tsx` case now sits in this row's evidence rather than only in the tab-visibility suite. ⚠️ FIX-CLAIMED in `eff6fff` (session 83). 0062 re-emits `board_window` whole from 0058 with one key added beside `can_place`: `date_format`, resolved for the board's root by `app_resolve_node_setting`, coalesced to the client's default so the payload never carries null. The board reads the payload and no longer asks the hook for the root's own row. Four cases in `85_board_date_format_test.sql`; the pin green; Ana's header reads the same as Dana's on the live app, and the role walk asserts it. Stays `contradicted` until the tester re-runs.","Flag: status says covered but the note says ""stays contradicted until the tester re-runs"" after DEF-0017's fix — this looks like a stale status field, not a proven fix; confirm with the tester before trusting it.",
R-334,A tab cannot silently ignore the plant filter,covered,maintainer,session 63 conversation,"*""please ensure that any future tabs created honor the filter.""* Every panel under `src/features/admin/components/*Panel.tsx` either reads `usePlantFilter` — calling it AND consuming the result, since an unused import is the cheapest way to fake compliance — or is named on one of two lists with a reason. `PLANT_AGNOSTIC` is for a panel that genuinely has no plant; the debt list is SHRINK-ONLY, so a new offender cannot be added to it. The audit walks the DIRECTORY rather than a list, so a tab that does not exist yet is already in scope.",yes,"vitest | src/test/plantFilterStandard.test.ts | cases 15 cases; three sabotages caught -- a new panel that never asks, one that calls the hook and never reads it, and one sneaked onto the debt list",,"Solid — the directory-walk audit design (scoped to future files too) is a good defensive pattern, tested with three deliberate sabotage cases.",
R-337,A screen draws no permission-shaped answer before its own session has answered,covered,agent,F-094 D97 D91,"A screen that narrows what it offers by role must render NOTHING of that narrowing until the session it reads has resolved. The admin rail is the case this was written for: while `profile` is null, `adminSectionsFor` answers `[""operators"", ""trainings"", ""matrix""]` — a correct floor for an unknown person, and on screen indistinguishable from a supervisor's real answer — so a company admin saw three tabs become eleven and a site admin's Settings tab arrived late. ⚠️ `RequireAdmin` DOES NOT PREVENT THIS AND CANNOT. It gates the page on `adminAccess(..., loading)`, but it calls `useSession()` and `AdminPage` calls it again — two instances with their own `loading` and their own `profile` (the standing ""useSession() called in five components"" debt). The gate's copy can finish, admit you, and mount a page whose own copy has not. So the guard belongs in the screen that draws the answer, and every reader of `useSession` owes its own until one `SessionProvider` at the root makes there be a single answer to disagree with. ⭐ THIS IS D97/D91's STANDING LESSON APPLIED TO THE MENU rather than to the refusal sentence: a permission answer shown before the answer has landed reads as a permission BUG to the person it happens to. N5 in `adminNoGrants.test.tsx` has held that line for the ""nothing has been shared"" heading since session 19; nothing held it for the rail.",yes,"vitest | src/test/adminNoGrants.test.tsx | cases N8 -- a company admin with the session still resolving gets no rail at all, neither the eleven tabs nor the three an unknown person resolves to; measured RED against the guard removed ;; e2e | e2e/signedIn.spec.ts | cases the three signed-in cases, which failed intermittently under load before the fix and pass three runs in a row after it -- the only level that can see two useSession instances disagree",,"Solid — the e2e case reproduces an actual intermittent race under load, which is rare and valuable evidence.",
R-340,"An admin grant belongs to a plant, never to a branch inside one",covered,maintainer,session 72 conversation DEF-0010,"*""the admin level should only be applied to the plant root. If you make someone a site admin they automatically get access to the whole site and not just to a particular hierarchy.""* So `admin` is the role of the person who runs a PLANT, and it may be given only where `nodes.parent_id IS NULL`. `supervisor` and `viewer` are unchanged and still go anywhere: a line supervisor is the ordinary case D114 and 0032 were built for. ⭐ ENFORCED ON THE SERVER FIRST AND MIRRORED ON THE CLIENT, which is the whole reason this is a migration rather than a dropdown change. 0053 re-emits `set_site_member` with one block added and refuses `admin` below a root as `invalid_argument` / `reason: admin_below_root`; `allowedRoles` offers exactly the roles that writer will take. Narrowing only the picker would have been R-239 broken in the direction DEF-0005 and DEF-0007 both broke it --- a control withheld for something the server permits. ⚠️ AN EXISTING BELOW-ROOT ADMIN IS LEFT ALONE, not deleted. 0053 refuses new ones and changes to them; it backfills nothing, because taking someone's access away silently during a migration is worse than an inconsistency somebody can see on the Access tab. `allowedRoles` therefore leads with the role the row holds for anyone's row, so such a person is drawn as the admin they are with the two demotions the server takes, and no control is ever rendered with nothing selected (A32, A33, since 0054).",yes,"vitest | src/test/siteAccess.test.ts | cases A27 admin is not offered below a root, A28 supervisor and viewer still are (so a fix that narrowed the whole picker fails), A29 all three at a root, A30 the self-rule still wins below a root so no control is left empty, A31 the below-root list is read from the exported constant rather than restated, A32 somebody ELSE's below-root admin grant is drawn as admin with the two demotions the server takes, A33 no control ever omits the role its subject holds, walked over every combination ;; sql | supabase/tests/77_admin_only_at_plant_root_test.sql | cases AR1–AR4 the RPC (admin at a root stored, admin below refused with admin_below_root and the row untouched, supervisor below still stored, a site admin can still give admin at their root); AR5–AR7 the TABLE (a direct INSERT and a direct UPDATE of admin below a root are refused by the trigger, a direct INSERT at a root is not); AR9 the trigger binds what RLS binds and not the owner, and an old below-root admin can still be demoted ;; vitest | src/test/defects/DEF-0012.test.ts | cases someone ELSE's below-root admin grant can still be shown as `admin` (the cell A30 and A48 leave out between them); a row holding nothing there is still offered neither; and the plant-root answer is unchanged, so a fix cannot pass by widening everything back ;; manual | Measured over a real session before the client was touched, on the local stack: admin at a plant root returns the stored role; admin one level down raises invalid_argument with reason admin_below_root; supervisor one level down still succeeds.","⛔ CONTRADICTED 5 Sept by DEF-0012, on the two sentences above it rather than on the narrowing itself. The narrowing is right and holds at both ends. What is not true is ""the database says so first"" --- only `set_site_member` refuses, `profile_grants` has no CHECK, no trigger and an RLS policy any admin passes, so one `POST /rest/v1/profile_grants` makes the grant and one `PATCH` changes an existing one to `admin`, both measured over a site admin's own session with the row read back. And the self-rule sentence is false for everybody but the viewer: `allowedRoles` returns `[""supervisor"",""viewer""]` for SOMEBODY ELSE's below-root admin, so the Access tab renders `<select value=""admin"">` with neither option and the screen reads ""Admin of Area 1 | supervisor"". ⚠️ The server half has no test of any kind: removing 0053's whole new block on a scratch copy leaves the SQL suite identical at 597 passed / 1 failed. ⚠️ FIX-CLAIMED in `7b58315` (session 74). 0054 adds `profile_grants_admin_at_root`, a BEFORE INSERT OR UPDATE OF role, node_id trigger, so the table refuses what the RPC refuses; the two routes DEF-0012 measured were replayed as Dana on the live stack and both raise `admin_below_root`. `allowedRoles` draws the role the row holds with the two demotions the server takes (A32, A33). The sentence ""the database says so first"" is true now, with one boundary written into the migration: the trigger binds whom the policies bind and not the owner, which is the fixture tool (F-098). 77 is the SQL file 0053 shipped without. Stays `contradicted` until the tester re-runs its own reproduction.","Flag: same pattern as R-333 — status is covered but the note ends ""stays contradicted until the tester re-runs"" after DEF-0012's fix; check with the tester before relying on this one either.",
R-345,A person works only within their own plant,covered,maintainer,session 77 conversation,"The maintainer, 6 Sept: *""You should be unable to put Plant B operator in Plant A, only operators within the same plant should be assigned within the plant.""* So the server refuses a placement whose person belongs to a different plant from the cell, whatever is sent with it: the area override (D113) crosses AREAS inside one plant, with a reason, and never crosses plants. This holds for every writer that places a person --- creating an assignment, changing the person on one, moving a run with its crew, copying a week --- because it is the table's own guard that says so. Rows of that shape cannot exist, so no screen needs to reason about ""a person on loan from another plant"" any more.",yes,"sql | supabase/tests/81_same_plant_test.sql | cases create_assignment refuses a person from another plant with reason other_plant, with and without the area override; reassign_assignment refuses the same; move_run of a run with crew into another plant is refused by the table on the crew's update; a person from another AREA of the same plant is still refused without the override and placed with it (the D113 contract, pinned); grants on the two new helpers ;; sql | supabase/tests/57_area_override_test.sql | cases the whole file, whose ""Foreign Fred"" was homed in another plant and is now homed in another department of the same plant --- every D113 claim unchanged and still measured, 17 cases ;; manual | Live database as the company admin inside a rolled-back transaction, session 78: Operator B2 on a Plant A cell refused ""That person works in a different plant."" with and without the area override, rows written 0.",,"Solid — sql and manual evidence both present, and the manual step is honestly labeled rather than dressed up as a test.",
R-346,"A person is available everywhere under their home, and the rest of the plant is one click away",covered,maintainer,session 77 conversation,"The maintainer, 6 Sept, on a supervisor granted only a line seeing an empty Operators panel: *""The operators are assigned at different hierarchy levels, why would they not be visible now? ... Ana can't see any operators on the left panel. What am I missing? Something is definitely wrong.""* And then the rule itself, 6 Sept: *""If a operator is assigned to higher hierarchy they should automatically become available to all lower hierarchy within that hierarchy ... That should be the default behaviour. For other operators in the plant we need to give an option to the supervisor to click through something so show remaining operators so they can make that decision to assign someone outside of that area.""* So, in two parts. DEFAULT: a person is offered on every place under their home --- homed at the plant, they are offered everywhere in it; homed at an area, on every line and cell in that area. On a line supervisor's board that is everyone homed at the plant, the area above and the line itself. BEHIND A CLICK: the rest of the plant's people --- homed in another area or line --- are shown by a ""show other people in this plant"" control, and picking one asks for the reason, the existing ""not from this area (override)"" (D113). The left panel follows the same two parts for the board's place (people whose home covers it or sits inside it by default, the rest behind the click), and each pop-up's picker follows them for its cell. Never another plant's people (R-345). The list and each person's home are the server's (`board_window` sends the plant's people with each home's path), so the screen can tell ""above this cell"" from ""another area"" without seeing nodes above the grant. ⛔ AND NOBODY READS MORE THAN THEY ARE ASSIGNED TO. The maintainer, 6 Sept, on session 78's note that a viewer granted one cell could read the plant's roster: *""No one should see more than they are assigned to ... Why would it be sensible to hide a line 2 from a supervisor who only has line 1 access, but show everything to a viewer who only has cell 1 access in Line 1?""* So the click-through exists for someone who can PLACE people: a supervisor or admin grant reads the rest of their plant's people; a viewer grant reads only the people available at its own places (homed at or above the grant, or inside it), and the left panel and its control are not shown to a viewer at all --- *""for a viewer, the left panel serves no purpose, so we should hide it, the only thing they see is the board.""*",yes,"sql | supabase/tests/81_same_plant_test.sql | cases a supervisor granted only a line reads all the plant's people and their trainings, and board_window called as them returns every one with site_path --- the ones homed above the line and the ones homed in another area alike --- while another plant's person is neither readable nor returned; the company admin unchanged; SP18 a VIEWER granted one cell reads the people at their own places and not the other area's, and the homes helper answers the same three; SP19 board_window says can_place false to that viewer and true to the line supervisor and the site admin ;; vitest | src/test/shapes.test.ts | cases can_place is kept true or false, and a payload without it is refused rather than guessed at ;; vitest | src/test/outsideArea.test.ts | cases on a line supervisor's board a person homed at the plant, at the area above, at the line and at a cell inside it is offered by default; a person homed in another area is behind the click and marked; a sibling whose slug extends the line's is not confused with it; a person homed at Cell 1 is offered on the line's board and marked at Cell 2; a plant admin's board offers everyone with nothing behind the click; an unresolvable place marks nobody; an empty home is neither offered nor waved through ;; vitest | src/test/peoplePicker.test.tsx | cases the panel lists the default people and the ""Show other people in this plant (n)"" control names the count, reveals the rest marked ""not from this area"", hides again, and is absent at zero; a revealed chip is a drag source; the create pop-up and the assignment pop-up open on the default list, the control adds the rest marked ""not from this area (override)"", picking one asks the reason and sends the area override, a local person is asked nothing, a preset from outside opens revealed and selected, a reassign to a revealed person sends the override, the D110 ghost still names itself ;; e2e | e2e/linePeople.spec.ts | cases signed in as Ana, supervisor on Line 1: the panel's default list plus what the ""other people"" control reveals is exactly Plant A's six people, nobody in both halves, nobody from another plant; the cell pop-up splits the same six the same way and marks only the revealed ones --- read off the screen rather than assumed from the fixture, because the maintainer re-homes people on the live database to try the rule (A5 and A6 moved into Area 2 on 6 Sept) ;; manual | Live app as Ana, session 78: six people in the panel over Line 1 (screenshot), the direct assignment picker offers all six, A5 and A6 carrying only the existing ""never trained"" mark.","⛔ CONTRADICTED 6 Sept by DEF-0015 (tester): the panel was hidden for a viewer and the pop-ups were not --- a viewer could open the create form and the write pop-ups the server refuses. ⚠️ FIX-CLAIMED in ~01a2612~ (session 81): the viewer sees the board, the chips, and read-only pop-ups with Close --- nothing to place with (see R-239's note). The demo world now carries a viewer per plant so the tester and the browser case can be that person. ✅ VERIFIED 6 Sept by the tester (session 82): Viva, Vito and Vina each see the board, the chips and read-only pop-ups and nothing to place with; the demo seed re-applied on a scratch copy leaves every persona's grants as they were (Dana one admin grant on plant_a, Ana one supervisor grant on line_1).",Solid and thorough — five kinds of test plus a manual pass is about as much proof as any requirement in this file gets.,
R-342,A person from another plant is not offered on this plant's board at all,covered,maintainer,session 76 conversation D113,"The maintainer, 6 Sept: *""I was assigning plant A, I was able to select operators from any other plants for example plant B in the list and it did not show any warning whatsoever in direct assignment tab.""* And then, the same day, the rule itself: *""Operators from other plants should not be shown in the list, period, it is the same as the operators shown on the left panel.""* So every person picker on the board --- the create pop-up's two tabs and the assignment pop-up's person control (R-343) --- offers exactly the left panel's list: the people owned somewhere in the plant being shown. A person from another AREA of the same plant stays in the list and stays marked ""not from this area (override)"" with a reason asked, as today (D113). A person from another plant is not in the list. The server's own refusal (`not_offered_here`, 0030) remains the backstop and is not the screen's excuse. Cause, verified in the build: the pickers were handed every operator the caller could read, while the panel is handed the plant's own; and the ""outside their area"" mark was computed from the board's node map, which holds only this plant, so a person owned elsewhere resolved to no node and the mark failed open on them.",yes,"vitest | src/test/pickerPool.test.ts | cases a source-reading audit: BoardPage hands the operator panel, the create pop-up and the assignment pop-up the same variable, operatorPool; the matcher's own cases show it reads a bare identifier, refuses an expression, and is not fooled by a comment or a same-prefix element ;; vitest | src/test/outsideArea.test.ts | cases a person owned by another plant (owner node absent from the board's map) is marked --- red before the fix, green after; a person from another area of the same plant is marked; a sibling whose slug extends this one's is still outside; the plant root, the department above, the line and the cell itself are not marked; an unresolvable cell marks nobody ;; vitest | src/test/certificateExpiry.test.tsx | cases the create pop-up marks a same-plant other-area person and asks the reason, refuses Create until tick and reason, sends the flag and reason in the writer's own slots, asks nothing of a person who belongs, and the run tab offers no person control at all ;; manual | Signed in as the company admin on Plant A's board in the live app (session 76): the create pop-up's person list is Operator A1 to A6 and nobody from B, C or D; the assignment pop-up's person list is the same six.",,"Solid — the pool-identity audit (a static ""reads the same variable"" check) is a clever, cheap way to prove three UI surfaces can't drift apart.",
R-343,The person on an assignment can be changed in place,covered,maintainer,session 76 conversation,"The maintainer, 6 Sept: *""once you assign someone say Operator 1, there is no way to modify that assignment to operator 2 unless you delete existing assignment, this is not practical.""* The assignment pop-up offers a person picker; choosing another person keeps the row --- its cell, time, product or run, efficiency and target --- and changes only who. Every check the writer runs on a new placement runs on the change too: edit rights on the cell, eligibility under the plant's policy (with the override and reason under `warn`, refused under `block`), capacity, and area scope (with the D113 override and reason for a person from outside). A plain UPDATE of the person column would skip the eligibility check, which only `create_assignment` runs, so the change goes through a writer of its own that asks the same questions.",yes,"sql | supabase/tests/79_reassign_assignment_test.sql | cases RA0 premises; RA1 the person changes and every other column is byte-identical; RA2 not certified under warn refused; RA3 the override needs a reason, is accepted with one, and clears when a certified person is chosen again; RA4 under block refused even with the override; RA5 a busy person refused through the capacity trigger; RA6 a person from another area refused without the area override; RA7 accepted with it and the reason stored; RA8 no edit rights refused by name; RA9 unknown row, null row, null person, unknown person each refused with nothing written; RA10 a run-attached row keeps its run and a direct row its product; RA11 grants ;; vitest | src/test/assignmentPopover.test.tsx | cases AP1 the select shows the current person and the active pool, with an out-of-pool current person kept; AP2 changing the person sends exactly the row and the person, closes the pop-up, and sends field edits only after and only when they changed; AP3 an outside-area person reveals the reason and sends the area override; AP4 a not-eligible answer under warn offers the tick and resends with it, and picking another person forgets it; AP5 under block no tick and Save stays off; AP6 any other refusal is printed in the pop-up and the field edit is not sent; AP7 a capacity refusal names the person with the peak and the limit ;; manual | Live app as the company admin, demo week, session 76: Operator A3 on Cell 3 changed to Operator A5 --- the chip moved, the pop-up closed, no toast; A1 on Cell 1 changed to A2, who is already on Cell 2 those hours --- ""Operator A2 would reach 200% of capacity at this time (limit 100%)"" inside the pop-up and no toast; changed back to A3.",,"Solid — the ""every other column byte-identical"" case is precisely the assertion that catches an accidental partial-write bug.",
R-344,A pop-up can be dragged aside to see what is under it,covered,maintainer,session 76 conversation,"The maintainer, 6 Sept: *""The pop window cannot be moved across the screen to see what's underneath, can we be able to move stuff?""* Every pop-up in the app is the one shared shell, so the shell grows a drag handle --- its title bar --- and a pop-up dragged aside stays where it was put until it closes. Dragging never takes it off screen, keyboard and focus behaviour are unchanged, and a click on a control inside is never mistaken for a drag.",yes,"vitest | src/test/popoverDrag.test.tsx | cases moves by exactly the pointer's travel; stays where it was put after release; a press with no movement changes nothing; a drag past the right or bottom edge clamps; past the left or top edge clamps; Escape still closes after a drag; a different anchor resets the offset ;; manual | Live app, session 76: the assignment pop-up dragged by its title 200 px right and 120 px down landed 157 px right (stopped at the viewport's edge) and 120 px down, and stayed there while its controls were used.",,"Solid — edge-clamping and Escape-after-drag are the two easiest cases to forget, and both are here.",
R-341,A SECURITY DEFINER helper says nothing about another company's nodes,covered,agent,migration 0020 §8.0 migration 0054 DEF-0013,"A helper that runs as its definer so the caller's row-level view cannot get in the way still answers only about the caller's own company: for another company's node, or a uuid that exists nowhere, it gives the same answer. 0020 wrote the rule on `app_node_exists_in_org` (*""it grants nothing and is org-scoped, so it says nothing about another tenant""*), 65's X4–X6 hold `app_offered_product_nodes` to it, and session 73's adversarial pass held `set_node_setting` to it. 0054's `app_node_is_plant_root` says it is in that shape and has no org term, and it is granted to `authenticated`, so any signed-in person can ask over PostgREST whether a uuid is a plant root in some other company (DEF-0013). One bit, about a uuid the caller already holds --- `minor` --- but it is the bit every other definer helper here is written not to give.",yes,"vitest | src/test/defects/DEF-0013.test.ts | cases the last definition of app_node_is_plant_root carries an app_current_org() term (or the helper is gone); the reader finds app_node_exists_in_org and sees its term, so a red first case is a loss and not a blind reader; and the helper stays SECURITY DEFINER, because dropping the definer is the repair 0054's header measured as breaking 47's W28 ;; manual | As ana@example.test (supervisor, no admin grant) call rpc/app_node_is_plant_root and rpc/app_node_exists_in_org over PostgREST with the other company's plant root, its Assembly node and a bogus uuid; the two helpers must agree, and both must say false for all three. ;; sql | supabase/tests/77_admin_only_at_plant_root_test.sql | cases AR10 asks the helper directly as the least-privileged signed-in person the seed has: the other company's root, its leaf and a bogus uuid all answer false and her own company's root answers true (so the case cannot pass by the helper saying false to everything); then a site admin's direct INSERT of admin on the foreign root and on the bogus uuid must come back with the SAME sqlstate and store nothing. Against 0054's helper it reads foreign_root=t, 42501 versus PT400.","⭐ VERIFIED BY THE TESTER 6 Sept at `5e5335c` (tree `f75a65e`): the reproduction re-run cold as Ana over PostgREST reads false for the other company's root, its leaf and a bogus uuid on BOTH helpers and true for her own company's four roots; the three direct INSERTs as Dana all come back PT400 with nothing stored. 0056 is the last definition and differs from 0054 by the one org term. With that term deleted on a scratch copy, 77 reads ""FAIL AR10: foreign_root=t ... insert_root=42501 insert_bogus=PT400"" and 47 and 65 do not move. DEF-0013 is `verified`. ⚠️ FIX-CLAIMED in `5e5335c` (session 76). 0056 re-emits the helper with 0020's org term and nothing else changed; it stays SECURITY DEFINER, for the reason the 0054 header measured (W28). AR10 was run against 0054's helper on the scratch database first and failed the way the defect describes, then 10 of 10 with 0056; 47, 48, 49, 65 and 78 unchanged. Applied live and the reproduction's loop replayed as Ana: the other company's root is false, her own four roots are true. Stays `contradicted` until the tester re-runs its own reproduction.","Solid — a good instance of testing what a SECURITY DEFINER function actually does across org boundaries, not just its label.",
R-339,"Copy Week shows every clash and lets the person choose which plan wins, one by one",covered,maintainer,session 71 conversation,"*""For the copy week, if there are conflicts lets present them to the user and let them decide what they want to keep, the prior plan or the copied plan.""* So Copy Week never silently merges, never silently skips, and never refuses the whole copy because one cell clashes. Every conflict is listed before anything is written, each one names the two candidates side by side --- what is on the destination week now, and what the source week would put there --- and each is resolved INDIVIDUALLY by the person: keep the prior plan, or take the copied one. ⚠️ SO THE DRY RUN IS NOT A WARNING SCREEN, IT IS THE DECISION SCREEN, and that is a different build from the queue line's ""dry-run conflict preview"". A preview informs and then you press on; this collects an answer per clash and applies exactly those answers. Nothing is written until the person has been through the list. ⭐ WHAT COUNTS AS A CONFLICT IS SETTLED BY THIS RULE, NOT BY A FURTHER QUESTION. Every kind the copy can produce is presented: an occupied cell in the destination window, the same operator placed twice at once, a person no longer certified for the work, a retired shift pattern. R-239 is the one line the build keeps: a ""take the copied one"" answer is offered only where `create_assignment` would accept that write, and where it would not, the clash is still shown with the refusal as the reason the prior plan stays. Which of the four fall on which side is read off the server by the developer during the build. ⭐ READ OFF THE SERVER IN SESSION 76: an occupied cell and a double-booked person offer both answers; a person no longer certified offers both under `warn` (the copy carries the override and a reason) and only ""prior"" under `block`; a retired shift pattern is not a clash at all, because runs and assignments carry their own times and reference no shift. One more case the rule did not name: a displaced prior row on a node the caller cannot edit offers only ""prior"", since the writer would refuse the removal.",yes,"sql | supabase/tests/78_copy_week_test.sql | cases CW0-CW28: the four refusals (not a plant, not its admin, same week, not whole weeks, null dates); the plan item by item with both candidates; a clean copy read back row by row; every clash kind answered ""prior"" and answered ""copied"", with the rows removed and created as stated; only ""prior"" offered under block and where a displaced row cannot be edited; undecided, choice-not-offered, unknown-key, duplicate-key and non-array refused with nothing written; one bad write leaves the target week untouched; an attached assignment follows its run; a loaned person is listed and copied by a caller who cannot read them; a source row reaching into the target week is listed as prior; the removed count equals the rows actually gone; grants ;; vitest | src/test/copyWeek.test.tsx | cases the counts and history render; every clash row shows both candidates and the reason; a [""prior""] item has no copied control and says why; Apply is disabled with one clash unanswered and enabled with all answered; Apply sends exactly one decision per clash and none for clean items; a server refusal is shown by its sentence and the dialog stays open; a clean plan applies at once; the parser accepts the server's wire shape and refuses a malformed one; the button is offered by the server's per-plant answer alone; a person the caller cannot read is named as on loan ;; e2e | e2e/copyWeek.spec.ts | cases the plant admin opens Copy week and reads the counts; applies onto a week nothing else touches (answering ""copied"" wherever the server offers it on a second run); a supervisor with no admin grant is not offered the button ;; manual | Signed in as Dana on the live stack, the demo week against the week the browser spec had written to: 0 clean, 27 clashes, each with the prior and copied candidates side by side and both choices drawn; the wide shell reads in two columns (screenshot, session 76).",,Solid — 28+ sql cases plus e2e is thorough for a feature this stateful.,
R-338,"An expired certificate is a warning you can act on, not a save that fails",covered,agent,F-087 commit 60bfdeb,"The board asks the SERVER'S question about a certificate, not a narrower one. `check_eligibility` has computed `expiring_skills` as `expires_at < upper(p_timerange)` since 0009, and `create_assignment` refuses on it. The board's `certificateGaps` mirrors that comparison exactly --- `dated.expiresAt < endDay`, on the data 0048 added to `board_window` --- so somebody whose certificate has lapsed is marked ineligible BEFORE Create is pressed, drives `needsOverride` under `warn`, and is offered the override box the server will accept. ⭐ AND THE TWO REASONS READ DIFFERENTLY, WHICH IS THE POINT RATHER THAN A DETAIL. ""Never trained"" needs a course booked; ""certificate expired"" needs a renewal, and is named WITH ITS DATE through the app's date seam in the org's chosen format. The old screen printed one sentence for the first and nothing at all for the second, so the second arrived only as a server refusal the screen had no box to answer. ⚠️ WRITTEN DOWN ON 5 SEPT, A DAY AFTER THE CODE SHIPPED (`60bfdeb`, 4 Sept). The work had a test file and no requirement, no session entry and a finding still reading `open` --- found the same way F-087 itself was, by checking a queue item against the code instead of reading its line.",yes,"vitest | src/test/certificateExpiry.test.tsx | cases the boundary both ways (expiring ON the window's last day is valid because the server compares with `<`, the day before is lapsed), an open-ended window, a lapsed training this cell does not ask for being ignored, never-trained and lapsed being disjoint and both reported, and the wording naming the date rather than saying ""not certified""",,Solid — the boundary-both-ways case (expiring exactly at the window edge) is the one most implementations get wrong.,
R-335,"Who may change a plant's settings is one predicate, and the rail is not where it is asked",covered,agent,DEF-0007 session 66 conversation,"A plant's admin may change that plant's settings; only a company admin may change the company defaults. That is `set_node_setting`'s gate --- `app_is_admin() OR app_is_admin_for(node)` --- and the client must answer it with the same expression, `canAdministerPlant` on the chosen plant's path, IN THE PANEL, where the chosen plant is known. The admin rail carries `companyAdminOnly` for exactly one tab, Activity, and the test for that flag is not ""is this screen important"" but ""would the server refuse, or silently do nothing, for EVERY person `adminSectionsFor` admits"". A per-node question fails that test by construction and must not be answered on the rail. ⚠️ STATED BY THE AGENT, FROM THREE THINGS THE MAINTAINER HAD ALREADY DECIDED, and flagged as such because the tester was right that it is the maintainer's call. R-333 is `stated_by: maintainer` and says the tab edits the chosen plant's values; migration 0050 was written with the per-node gate; and `SettingsPanel`'s header describes all three site-admin states and implements them. This row writes down once what those three already implied separately, which is the thing DEF-0007 said was missing. The maintainer overrules it by saying so, and that direction is a migration rather than a flag.",yes,"vitest | src/test/auditAccess.test.tsx | cases one site admin, both tabs, opposite answers -- Settings offered because the write is per node, Activity hidden because the read goes silently empty ;; vitest | src/test/settingsPanel.test.tsx | cases the three states the panel decides once it is reachable -- own plant live, readable-but-not- administered no control and whose place it is, company scope disabled with the reason ;; sql | supabase/tests/73_plant_settings_test.sql | cases P0-P22, the server side of the same predicate ;; vitest | src/test/adminNoGrants.test.tsx | cases N6/N7 (DEF-0008) -- the whole rail as a LIST for a supervisor with no admin grant, and for a company admin so the first cannot pass by the rail emptying; red on the one-line widening of `adminSectionsFor` that the 2103-case suite passed ;; e2e | e2e/signedIn.spec.ts | cases the same three populations in a REAL browser against the real server, grants and profile read -- a company admin's eleven tabs, a site admin offered Settings and not Activity, a supervisor's exact three. The unit cases prove the decision; these prove the decision is what reaches the screen","⛔ THE CLAUSE ABOUT `adminSectionsFor` HAS NO CASE BEHIND IT (DEF-0008, open). The row says the flag's test is ""would the server refuse for EVERY person `adminSectionsFor` admits"", and taking `companyAdminOnly` off Settings put the whole of that tab's gate onto `adminSectionsFor`. Nothing in the suite renders the rail for the population that helper NARROWS. The tester widened its non-admin branch to `[""operators"", ""trainings"", ""matrix"", ""import"", ""products"", ""settings""]` --- a supervisor with no admin grant anywhere offered three tabs the server refuses --- and all 2103 cases stayed green. The behaviour shipped is RIGHT; only the evidence is missing, which is why this is `test-cannot-fail` and not a permission defect. `src/test/defects/DEF-0008.test.tsx` asserts the whole rail as a LIST, because three `toBeTruthy()`s cannot notice a fourth button and a list can. ⭐ CLOSED AND VERIFIED BY THE TESTER, 5 Sept. `cab45d9` added N6/N7 to `adminNoGrants.test.tsx`, and the reproduction was re-run cold at that commit together with four mutations it did not cover: one extra tab sorting AFTER ""operators"" (`cycletimes`), one sorting BEFORE it (`access`), the REMOVAL of a tab the supervisor should keep (`matrix`), and the lock bypassed a layer up in `AdminPage`'s filter rather than in the helper. N6 goes red by name on all five, and the promoted DEF-0007 cases catch the sixth (the `companyAdminOnly` axis). The rail was also read off the running app as five people. This row is back to `covered`.","Solid — proving the SAME predicate is asked by both the rail and the server is the right shape of test for a ""no lurking"" requirement.",
R-336,A pointer in the plan resolves at the other end,covered,agent,DEF-0009 F-093,"`docs/plan.yaml` links its four halves to each other, and each of those links is one fact written from two ends, so it can be held against itself. A stage's `refs` names the sessions that shipped it and those sessions' `shipped` names the stage back; a requirement's `verified_by.file` names a file that is on disk. A pointer that does not resolve is worse than an absent one: it reads as a record and is a guess. ⚠️ STATED BY THE AGENT, from F-093's own sentence --- *""`shipped` on a session is not decoration, it is the only link between a day's work and the shape it belongs to""* --- which states the rule and then leaves seven links unmade. The maintainer overrules it by saying a stage card is prose and not a record, in which case `refs` should carry no session numbers at all rather than wrong ones.",yes,"vitest | src/test/defects/DEF-0009.test.ts | cases every session a stage names as its own agrees that it shipped that stage (7 broken links, all written by 6086c23); the guard on the guard, that there are session refs to check at all, so the first case cannot pass by the links being deleted; and every `verified_by` entry naming a real path names a file that exists (R-239 -> the deleted `src/test/defects/DEF-0007.test.tsx`)","✅ COVERED 5 Sept: DEF-0009 is verified, the pin is green, and every one of the nineteen session refs was re-checked against git rather than against the regenerated prose. ⚠️ Two axes the pin does not walk, recorded rather than left to be rediscovered: 38 sessions carry a `shipped` id whose stage does not name them back (the weak direction is deliberate), and session 63's commit `869e081` is unquoted, so YAML reads it as the number 8.69e+83 and `plan.html` prints it that way --- the only one of the file's 79 shas that does not resolve. Filed with DEF-0009 and `contradicted` while it was open. The requirements and their tests --- the load-bearing half of the file --- were checked one by one across the eight new cards and are right; it is the layer that says WHICH SESSION DID WHAT that is wrong, in four of the eight.","This requirement is really about the plan.yaml file's own internal consistency (a self-referential integrity check) — a good idea, but arguably belongs as a repo convention/lint rather than a numbered product requirement.",
R-D112,The demo world is three generic plants with everything owned,covered,maintainer,§19.72 §19.73 D112,"`dev_demo.sql` clears org 1's seeded content and builds three identically shaped plants (Plant A/B/C → Area → Line → Cell) through `create_node`, with every row owned, at least six rows owned below a root, no run using a product owned outside it, and one supervisor (Ana) granted a single line. The empty ""Standard Plant"" structure is kept as what a new root copies.",yes,"sql | supabase/tests/dev_demo_test.sql | cases D0-D10 (11 cases, run by `scripts/run-sql-test.sh --demo`)","A development fixture rather than product behaviour, and for a long time the reason this was `verified_by: []` — its own file ends in twelve assertions, which are not a suite case. DEF-0006 is what that cost: migration 0044 dropped `runs.status` while the demo went on writing it, the file died at its runs insert, and every instrument stayed green. ⭐ THE ASSERTIONS WERE NOT THE PROBLEM AND WOULD NOT HAVE BEEN THE FIX — one of the twelve counts the runs, and it is exactly this bug; it never fired because it sits at the FOOT of a file that died four hundred lines above it. A fixture cannot grade homework it did not finish. So the APPLY is now the test (`--demo` runs `dev_demo.sql` under ON_ERROR_STOP against a database of its own) and `dev_demo_test.sql` asks the built world this claim's questions from outside it. ⚠️ STILL `contradicted`, WITH COVERAGE ATTACHED, AND THAT IS NOT A CONTRADICTION. DEF-0006 is `fix-claimed`, which the validator counts as open — correctly, because the developer does not get to clear a defect the tester filed. This goes to `covered` when the tester has re-run its own reproduction, not before.","Adequate — really ""the demo seed data is well-formed,"" useful for local dev but low product risk; fine as covered, not urgent.",
R-D113,Placing a person outside their area needs a recorded reason,covered,maintainer,§19.66 §19.75 §19.76 D113,"Anyone who can schedule at a cell (`app_can_edit_node`) may place someone outside their area by setting `assignments.area_override` with an `area_override_reason`. It is its own flag and reason, separate from the training override, so waving through a missing training never also places someone in an area they are not cleared for. The trigger honours it on every write path — `create_assignment`, `move_run`, `apply_split_coverage` and a raw PATCH — and normalises the flag off when the row did not need it. `move_run` pre-checks and names every affected person. The product half has no override.",yes,"sql | supabase/tests/57_area_override_test.sql | cases A6, A7, A17, P3, P4, P14 (17 cases) ;; sql | supabase/tests/upgrade_0030_ (full name not given) | cases 6 checks",,"Solid — 17 cases plus a migration check for a subtle, security-relevant override.",
R-D115,A product belongs to a list of plants,covered,maintainer,§19.81 D115,"A part number is company-wide and may be made at one, several or all plants. `product_sites` keyed `(product_id, node_id)` records where; `products.site_node_id` is dropped. A product is readable when any of its plants is on the reader's branch, and `product_sites` rows only where the reader can read the node. A run or assignment is accepted where any assigned plant covers the cell (`app_product_offered_at`) and refused `not_offered_here` where none does. Operators, skills and shift patterns keep a single owner.",yes,sql | supabase/tests/upgrade_0034_ (full name not given) | cases backfill of one product_sites row per product,Only the backfill upgrade file is named; the read and offering rules themselves have no case named in §19.81.,"Weak: the only verified_by cites a migration file with a name not even given, and just a backfill check — the interesting part of the claim (read-scoping via product_sites) isn't directly exercised; add a dedicated sql test.",
R-001,Each org defines its own hierarchy levels,uncovered,maintainer,§1 §2,An org configures an ordered list of level names of any depth. Exactly one level is flagged schedulable and its nodes become the rows of the board. Nothing in the schema hardcodes level names or depth.,no,,,"add-test (sql/vitest): foundational claim, likely exercised incidentally by the hierarchy-template tests but not linked here — link existing evidence or add a direct case.",
R-002,Only schedulable-level nodes accept runs and assignments,uncovered,agent,§2 D72,Runs and assignments may only be attached to nodes on the schedulable level.,no,,The schedulable-level lock (R-D72) protects existing work; no test is named for refusing a write onto a non-schedulable node directly.,add-test (sql): a core invariant that's surprisingly not directly cited anywhere — check whether 70_hierarchy_test.sql already covers it and just isn't listed.,
R-003,"Renaming a level is a metadata edit, never a migration",uncovered,agent,§2,"Levels can be renamed freely and added at the bottom without any schema change. Inserting a level mid-hierarchy is a guided tool, not a v1 feature.",no,,,Low priority: mostly a design statement about level renaming; a light sql test would be cheap but regression risk is low.,
R-004,Every tenant table carries org_id under row-level security,covered,agent,§3 §9,"Every tenant-scoped table has an org_id column and RLS policies, so isolation holds even if application code drops a WHERE clause.",yes,sql | supabase/tests/40_rls_test.sql,,"Adequate: the claim is a for-all statement (""every tenant table"") a single generic test can't fully prove — consider an audit-style test (like scaleAudit's) that walks the schema for org_id + RLS on every tenant table.",
R-005,Storage keeps exact timestamps; snapping is UI-only,uncovered,agent,§1 §3 §10,"Runs and assignments store precise instants as tstzrange. Fifteen-minute, hourly or shift snapping is purely a client setting and never touches the backend.",no,,,"add-test (sql): a storage-vs-UI separation claim, cheap to verify with one test asserting stored precision survives a UI snap setting.",
R-006,Board loads are one subtree-by-time-window query,uncovered,agent,§3 §11,Every board load asks only for runs and assignments under one subtree that intersect a time window. The UI never fetches all assignments and never refetches a whole schedule on change.,no,,,"add-test (vitest or e2e): the ""one subtree-by-time-window query"" claim is worth pinning with a query-shape assertion so nobody reintroduces a full-schedule refetch.",
R-007,A losing concurrent write gets a 409 and reverts,uncovered,agent,§3 §5 §18.8,When two supervisors race for the same operator exactly one write wins. The loser receives a 409 with the conflict attached and the client reverts its optimistic block with a message naming the conflicting assignment.,no,manual | Force a second 100% assignment for a fully loaded operator; DevTools shows HTTP 409 with error=PT409 (§18.8),,add-test: manual-only evidence can't reliably prove a race condition — this needs an integration/e2e test that fires two concurrent writes and asserts one gets 409.,
R-008,"Phase 1 builds no archive, partitioning, connector or template tables",uncovered,agent,§3 §17,"The migrations must not create assignments_archive, partitions, integration_connections or Copy Week / template tables in Phase 1.",no,,,"Cheap to test via a migration-file lint (assert no CREATE TABLE for the named future tables); alternatively, once Phase 1 is well past, consider retiring this as a requirement rather than testing it forever.",
R-009,"Real-time events are per org-subtree channel, no polling",uncovered,agent,§5 §11,Row-level change events for runs and assignments are broadcast on channels scoped to an org and site subtree. A client subscribes only to the subtree it views and filters to its visible window. Presence rides the same channel. Nothing polls.,no,,,"add-test (e2e/vitest): a significant architecture claim (per-subtree realtime channels, no polling) that deserves direct verification given how easy it is to silently regress into polling.",
R-010,Supabase is the v1 substrate with a designed escape hatch,uncovered,agent,§5,"v1 runs on Supabase (Postgres, RLS, Auth, Realtime). The design depends only on Postgres plus row-event broadcast so the realtime tier can be swapped later without redesign.",no,,,"This reads as a design statement, not a testable product behavior — candidate to move into design-plan.md rather than carry a test obligation here.",
R-011,Skill requirements attach to any node and inherit downward,uncovered,agent,§6 D11,A cell's effective skill requirements are the union of requirements on every ancestor along its path. A requirement on a Line applies to every cell under it.,no,,"§17.2 reports the P1-3a suite caught a mutation of check_eligibility's ancestor containment, but does not name the test file.",add-test (sql): important business logic (union of ancestor skill requirements) worth a direct test.,
R-012,Eligibility checked in the UI and authoritatively at the API,uncovered,agent,§6 §10,"When an operator is picked up, ineligible rows dim and expiring certifications warn, computed client-side. The API check on write is authoritative so no client bug can staff an uncertified operator.",no,,,Overlaps with R-013/R-014/R-338 (eligibility and cert-expiry checks) — candidate to merge/consolidate rather than test as a fourth separate requirement.,
R-013,Certification expiry is checked against the assignment window,uncovered,agent,§6,"Expiry is tested against the assignment's time range, not today. Scheduling someone three weeks out fails if their certification lapses in two.",no,,,Likely already proven by R-338's boundary-both-ways case — recommend linking verified_by to that evidence (or superseding this row by R-338) instead of leaving it uncovered.,
R-014,Eligibility policy is per org: warn (default) or block,uncovered,agent,§6 §15.2,An org chooses whether an ineligible placement is refused outright or allowed with a recorded override. The default is warn.,no,,,Likely already proven by R-331's plant-settings tests (which specifically exercise eligibility_policy) — link that evidence rather than leaving this uncovered as if untested.,
R-015,Syncable tables carry source and external_id; CSV import upserts,uncovered,agent,§7 §19.36,"Operators and products carry source and external_id. CSV import is an upsert keyed on (org_id, external_id) so re-importing an updated export just works, and it is the same pipeline a future connector uses.",no,,§19.36 measured that nodes has no external_id column and products.external_id has no uniqueness constraint; the node import (P1-5h) needs its own migration first.,"Check whether CSV import/sync has actually been built yet; if not, this is ""not yet built"" rather than ""built but untested"" and belongs in the queue, not the coverage ledger, as uncovered.",
R-016,Synced fields are read-only in-app; app-owned fields stay editable,uncovered,agent,§7,Records that came from a sync lock their synced fields in the app. Skills and home node remain editable everywhere.,no,,,Same caveat as R-015 — depends on whether sync/import exists yet.,
R-017,"Deactivation is active=false, never a delete",uncovered,agent,§7,"Operators and products are deactivated, not deleted, so schedule history survives.",no,,,"Likely a duplicate of R-D110 (""Delete keeps the past""), which already has direct sql evidence for exactly this — link or supersede rather than treating as a separate untested requirement.",
R-018,Copy Week always previews conflicts before committing,uncovered,agent,§8,"Copying a week forward is a bulk insert preceded by a mandatory dry-run that lists clean copies, conflicts and references to deactivated operators. The supervisor resolves or skips, then commits. Never a blind paste.",no,,,"Clear duplicate of R-339 (Copy Week), which is extensively covered — link verified_by to 78_copy_week_test.sql or supersede this row by R-339.",
R-019,Named templates store relative placements,uncovered,agent,§8,"A template stores day-of-week plus start and end offsets with operator, product and node references, and stamps onto any future week through the same preview-then-commit flow.",no,,,"Possibly already built and tested — recent commits mention ""week templates"" shipping (R-356 covers exactly this) — check before treating as uncovered; likely stale/duplicate.",
R-020,"Three roles: admin, supervisor, viewer",superseded,agent,§9 §14.3,"A profile has one role of admin, supervisor or viewer. Admins manage hierarchy, skills, integrations and users; supervisors edit schedules within granted subtrees; viewers are read-only.",no,,"D98 (§19.40) moves the role onto a (person, scope) pair so one person can hold several roles.",Superseded by R-D98.,
R-021,A grant is a node and means everything under its path,covered,agent,§9 §14.3,"A subtree grant points at a node and scopes, via its ltree path, the rows a user sees, the roster they assign from and what RLS lets them write. Admins hold a root grant. This is enforced in RLS, not only in the UI.",yes,sql | supabase/tests/40_rls_test.sql,,Solid — a foundational RLS claim with direct sql proof.,
R-022,"The board is an owned virtualized grid, not a chart library",uncovered,agent,§10 D19,"The board is a React and TypeScript component that renders only visible rows and visible time, targeting smooth pan and zoom with hundreds of rows.",no,,,This reads as a design/architecture statement rather than one testable behavior — the actual testable mechanism is R-D19's windowing module; consider folding this into that instead.,
R-023,"Board layout: roster panel, hierarchy rail, rows, time header",uncovered,agent,§10 §15.3,"A collapsible operator panel sits at the far left, then the hierarchy rail, then one row per schedulable node under a time-axis header. Collapsing a group collapses its rows.",no,,,"add-test (e2e/vitest): a structural layout claim, cheap to cover with a light smoke test for the four regions' presence.",
R-024,Snapping adapts to zoom; a modifier key drags free,uncovered,agent,§10 §16.2 D16,"Each zoom level has a default snap (shift at the coarsest, then 1 h, 15 min, 5 min). Holding a modifier key drags to the minute.",no,,,"add-test (vitest/e2e): overlaps with R-D16's zoom/snap values but adds the modifier-key free-drag behavior, which is easy to regress and worth its own case.",
R-025,"Board gestures: create, resize, move, click; all optimistic",uncovered,agent,§10 §5 §18.13,Drag on empty row space creates; dragging block edges resizes; dragging a body moves it in time or across rows and re-checks eligibility live; click opens a details popover. Every mutation applies optimistically and rolls back on 409.,no,,,add-test (e2e): core interaction claim tying directly to R-007's rollback-on-409 — high value given it's the heart of the board's UX.,
R-026,Every board supports both run and direct assignment creation,uncovered,agent,§14.1,Drag-select can create a product run or a direct assignment at any time; a type selector in the creation popover chooses which.,no,,,add-test (vitest/e2e): foundational creation-path claim worth a direct test.,
R-027,The create-mode preference never changes how data renders,uncovered,agent,§14.1,A profile's default_create_mode only pre-selects the popover's type. Two supervisors with different preferences see an identical board.,no,,,"Low priority: a narrow, cosmetic-preference isolation claim — cheap to test but low risk if wrong.",
R-028,A run and a direct assignment may coexist on one cell,uncovered,agent,§14.1,Direct assignments render as standalone operator blocks with a product chip; run-attached ones render as staffing chips under the band. A floater may help a cell mid-run.,no,,,add-test (vitest): foundational rendering claim (two render shapes on one cell) worth a direct test.,
R-029,Efficiency defaults to 100% and must be between 0 and 200%,uncovered,agent,§14.2,assignments.efficiency defaults to 1.000 and is constrained to more than 0 and at most 2. The UI shows a badge on any block that is not 100%.,no,,,"add-test (sql): a DB constraint claim, cheap to verify with one test asserting the CHECK boundaries (0 and 200%).",
R-030,Effective headcount is the sum of efficiencies,uncovered,agent,§14.2,"A run's effective headcount is the sum of its staffing efficiencies, so two operators at 50% satisfy a planned headcount of 1. Understaffing is judged on expected output, not heads.",no,,,"add-test (sql/vitest): core scheduling math (sum of efficiencies), easy to get subtly wrong — worth a direct test.",
R-031,A target is a window total; unset renders NA,uncovered,maintainer,§14.2,"target_qty is a total for the assignment window, not a rate, with free-text units. Resizing an assignment that carries a target prompts keep-total or scale-proportionally.",no,,"QUALIFIED BY R-316 (0040). ""Unset renders NA"" now reads ""unset renders the standard the cell's cycle time implies, and NA only when there is no cycle time"". target_qty itself is unchanged — still a window total, still the human's explicit override, still null when nothing was typed. The keep-total-or-scale prompt on resize is still unbuilt and still queued; note that it only ever applied to a TYPED target, and a derived one already follows a resize by being recomputed.",add-test (vitest): the resize-prompt behavior (keep-total vs. scale-proportionally) is meaningful UX logic worth pinning.,
R-032,The timeline is continuous and past edits are allowed and audited,uncovered,agent,§14.4 §14.5,The time axis scrolls across days in both directions. Editing the past is allowed in v1 and always audit-logged.,no,,,add-test (sql/vitest): worth testing together with R-D9's audit trigger — a past-dated write should succeed AND produce an audit_log row.,
R-033,An operator's instantaneous load may not exceed the capacity cap,covered,agent,§15.1 D2,At any instant the sum of an operator's non-cancelled assignment efficiencies must not exceed the org's cap (default 1.0). Split coverage such as 50/50 is legal; full double-booking is still refused.,yes,sql | supabase/tests/20_capacity_test.sql,,"Solid — the core capacity rule, already well tested.",
R-034,Capacity trigger uses a per-operator lock and peak math,covered,agent,§15.1,"The check takes an advisory lock per operator so concurrent writes stay safe, and it evaluates the peak at the new range's start and at the starts of overlapping assignments, not a naive sum of overlapping rows.",yes,sql | supabase/tests/20_capacity_test.sql,,Solid — good that the peak-not-naive-sum subtlety is specifically named as what's tested.,
R-035,"Exceeding capacity opens a split-coverage popover, not a dead end",uncovered,agent,§15.1 §18.13,"A drop that would exceed capacity opens a popover listing the operator's overlapping assignments with editable efficiencies, a live peak indicator and a Split evenly action. Confirm stays disabled while the peak exceeds the cap; cancelling reverts.",no,,"§18.13: the split flow is reachable from a create or a panel drop but not from moving an existing chip, because apply_split_coverage cannot carry a timerange.","add-test (vitest): meaningful UI logic (live peak indicator, disabled Confirm) worth pinning directly.",
R-036,Split evenly never spreads shares by more than one unit,uncovered,agent,§18.13,An even split gives one extra unit to the first remainder participants so max share minus min share is at most 1 for any count and cap (three-way at 100% is 34/33/33).,no,,§18.13 says a property test caught the bug but does not name the test file.,add-test (vitest): a pure remainder-distribution function — cheap and high-value to unit test as a property (max−min ≤ 1 for any count/cap).,
R-037,A run drags to another cell with its crew,covered,agent,§15.2 D4,"A run moves to another cell like any block. The target must have no overlapping run, the crew moves with it, every crew member is re-checked for eligibility, and capacity is unaffected because times do not change.",yes,sql | supabase/tests/82_run_keeps_its_crew_test.sql | cases RK1 a raw UPDATE of a run's cell with crew attached is refused at commit with run_moved_without_crew and the run stays; RK2 a crewless run still moves; RK3 move_run carries the crew and passes the deferred check; RK4 move_run refused under block leaves run and crew in place ;; vitest | src/test/defects/DEF-0014.test.ts | cases the last trigger set on runs includes one firing on UPDATE OF node_id whose function reads assignments (the migration-text half; RK1 is the behaviour),"⛔ CONTRADICTED 6 Sept by DEF-0014 (tester, found first by the developer's reviewer in session 78): a plain UPDATE of runs.node_id as a site admin moves the run and leaves its crew on the old cell --- rows=1, no error, run on cell_5 and crew on cell_1 read back. Nothing on the runs side reads assignments; the invariant is enforced on the crew's side only. The pin reads the migrations for a runs-side guard. ⚠️ FIX-CLAIMED in `169c7e7` (session 81). 0059 puts a DEFERRED constraint trigger on the runs side: at commit, a run whose crew is not on its cell is refused with `run_moved_without_crew`. Deferred so `move_run`, which moves the run and then each crew row in one transaction, passes at commit, while a bare update over the network, which is its own transaction, is refused. 6 cases in `82_run_keeps_its_crew_test.sql`; the pin is green; the defect's own reproduction replayed on the live database. ✅ VERIFIED 6 Sept by the tester (session 82): the reproduction run TO COMMIT as Dana --- rows=1 at statement time, then `ERROR ... 1 crew row(s) did not follow` with reason `run_moved_without_crew` at COMMIT, run and crew both read back on cell_1; over PostgREST the same PATCH is `HTTP/1.1 409` with the PT409 body. 0059 with the trigger stripped: 82 reads `FAIL RK1`; not deferred: `FAIL RK3` (move_run itself refused mid-move). move_run still carries the crew through the area door, flags an ineligible member under warn, refuses under block, and refuses a cross-plant target with nothing moved.",Solid — covers the interesting cases including the raw-UPDATE-bypass danger.,
R-038,Roster entries show assignment count and dim when fully allocated,uncovered,agent,§15.3,"Each roster entry shows avatar, name, skill badges and a count pill with a tooltip listing the operator's assignments in the loaded window. Operators at full allocation render dimmed.",no,,,"add-test (vitest): a light test for the dimming threshold and tooltip content, tying to R-033's capacity rule; low-to-medium priority.",
R-039,Shift templates attach to any node and resolve nearest-ancestor,covered,maintainer,§16.1 D12,"A shift template is a named daily pattern of shifts, each with breaks. It attaches to any node and inherits downward; the nearest ancestor with a template wins.",yes,"sql | supabase/tests/84_shift_pattern_resolves_upward_test.sql | cases migration 0061 (DEF-0016): resolve_shift_template as a line supervisor granted only her line answers the plant's template for the line and its cells, board_window carries the shift templates and the node-shift map for her, and the resolver still refuses a node outside her org ;; vitest | src/test/defects/DEF-0016.test.ts | cases the last definition of resolve_shift_template in the migrations is SECURITY DEFINER, and the reader can see the existing definer on app_resolve_node_setting ;; e2e | e2e/roleWalk.spec.ts | cases Ana's board carries the same shift chips as Dana's, and Marco's the same as Quinn's","⛔ CONTRADICTED 6 Sept by DEF-0016 (tester, major): Plant A's template is attached at plant_a and Line 1 inherits it for Dana --- break band, dashed boundary, three shift chips in the create form --- but for Ana, granted only Line 1, `resolve_shift_template(line_1)` answers NULL and `board_window` sends `node_shift_map` and `shift_templates` empty, so her board has no pattern at all and the create form defaults to 00:00–04:00. The resolver is SECURITY INVOKER and the ancestor node and its attachment row are filtered away by RLS; the same question was answered for settings by making `app_resolve_node_setting` definer (0050) and for people by `app_operator_homes` (0058). The pin reads the migrations for the resolver's security clause. ⚠️ FIX-CLAIMED in `eff6fff` (session 83). 0061 re-emits the resolver whole from its last definition (0005) as a SECURITY DEFINER with a pinned search path and the org term first, so a line supervisor resolves the plant's pattern for her line and cells, another company's node answers NULL, and a bogus uuid answers NULL. Eight cases in `84_shift_pattern_resolves_upward_test.sql`, red before and green after; the pin green; replayed live and driven in the browser as Ana, bands and boundaries drawn and the three shift chips offered. The role walk (`e2e/roleWalk.spec.ts`) now asserts Ana's board offers exactly Dana's shift chips. Stays `contradicted` until the tester re-runs.","Solid — sql/vitest/e2e together, and directly references the DEF-0016 lesson (invoker vs. definer) being applied correctly.",
R-040,Shift times are minutes from midnight; overnight starts the day,uncovered,maintainer,§16.1,"start_min is 0–1439 and end_min may exceed 1440 to express an overnight shift, which belongs to the day it starts. Breaks use the same coordinates and must lie inside their shift.",no,,,add-test (sql): overnight wraparound and day-of-shift attribution is an easy edge case to get wrong — worth a direct test.,
R-041,Breaks render as a neutral hatched band; shifts as dashed boundaries,uncovered,agent,§16.2,Breaks draw in the standard break colour beneath assignments with a tooltip naming the break. Shift boundaries draw as labelled dashed verticals and off-shift time gets a faint wash. Adjacent rows may legitimately show different stripes.,no,,,"add-test (vitest): a visual/rendering claim, cheap to cover with a couple of snapshot-style assertions; low risk otherwise.",
R-042,Breaks are display-only in v1,uncovered,agent,§16.2 §16.4,Breaks do not block assignments and are not subtracted from targets or capacity.,no,,"NARROWED BY R-316 (0040). Breaks ARE now subtracted from the DERIVED default target — that is the maintainer's own formula, ""(how much time a person is assigned - breaks) / standard cycle time"". Everything else in this row still holds: breaks do not block an assignment, are not subtracted from capacity, and are not subtracted from a target a human typed. The subtraction is a display computation over the cell's resolved shift pattern (standardTarget.ts), not a stored or enforced quantity.",add-test (sql/vitest): a negative claim (breaks don't affect capacity math) worth pinning since it's easy to accidentally wire in later.,
R-043,Compact zoom snaps to shift boundaries and offers full-shift quick actions,uncovered,agent,§16.2,At Compact zoom drag-select snaps to shift boundaries and the creation popover offers one-click whole-shift creation for that row's pattern.,no,,,"add-test (vitest/e2e): meaningful interaction, moderate priority.",
R-044,Redefining shifts never touches existing assignments,uncovered,agent,§16.3,Shift edits apply to the whole subtree immediately as a rendering and snapping layer over exact-timestamp assignments. Schedule data is never rewritten by a shift change.,no,,,add-test (sql): an important data-integrity claim — worth verifying assignment rows are literally untouched after a shift-template edit.,
R-045,Any admin edits any shift template,superseded,agent,§16.3,"Shift configuration is org-wide admin surface: edit names and times, add or remove breaks, re-point any node's template, with breaks-inside-shift and non-overlap validated on save.",no,,"§16.3 marks this superseded in part by D101 (§19.59, migration 0023): patterns are site-owned and a site admin edits their own; unowned patterns stay company-wide. Nearest-ancestor resolution is unchanged.","Marked superseded but superseded_by is empty, unlike every other superseded row in this file — worth adding the link (looks like R-D101, the per-site shift rule).",
R-046,Clients switch on the JSON error code from a closed set,covered,agent,§17.2 §18.8 D74,"Every RPC raises through api_raise, which maps a machine error code to its SQLSTATE in one place. Clients read the JSON error field; raw constraint violations are never part of the contract.",yes,"manual | Force a capacity rejection in the browser; PostgREST returns HTTP 409 with Proxy-Status error=PT409 (§18.8) ;; vitest | src/test/errors.test.ts | cases Group N (added for DEF-0003): the product refusal, which sends no owner node, classifies as NotOfferedHere and produces the real sentence; the operator refusal still classifies with all four fields and its sentence is unchanged; the two sentences differ, which is why kind stays required; a detail missing kind, id or node_id is still Unknown; a non-string owner is dropped rather than carried","⚠️ FIX CLAIMED, NOT VERIFIED (DEF-0003, fix 3c58d13). The clause ""clients read the JSON error field"" was true of the code and false in effect: the parser demanded a key the two product guards stopped sending in migration 0034, so every product refusal since fell through to ""Something went wrong. Please try again."" Group N is the first committed coverage this branch has ever had. Status stays `contradicted` until the tester re-runs its own reproduction — only the tester sets `verified`.",Adequate — the vitest evidence (errors.test.ts) is solid and defect-driven; the manual step is a fine supplementary smoke check.,
R-047,The client cache is dropped when the signed-in identity changes,uncovered,agent,§17.4 §19.8,"Every cached query was fetched as one user under RLS, so on an identity change the cache is reset and active queries refetch. A routine token refresh, where the identity does not change, must not reset the cache or blank the board.",no,,§19.14 says P1-5c committed a regression test for §19.8 but does not name the file.,"add-test (vitest): subtle and easy to get backwards (over-clearing on refresh, or not clearing on identity change) — high value given this codebase's documented history of session-race bugs (R-D91, R-337).",
R-048,"Nearest-ancestor lookups walk ltree paths, never parent_id",uncovered,agent,§18 §19.1,"Shift template and skill requirement resolution walk the node's path, because a parent may sit outside the loaded window and a parent_id chain can cycle.",no,,,"Likely implicitly proven by R-039's shift-resolution tests, but not linked — link existing evidence rather than writing a new test.",
R-049,"A malformed timerange drops one block, never the board",uncovered,agent,§18,"The index builder catches a parse failure per row, drops that row and counts it. The board never renders blank because of one bad range.",no,,,add-test (vitest): a resilience claim (one bad row shouldn't blank the board) — cheap and prevents a real incident class.,
R-050,"Scroll position is anchored by node id, not pixel",uncovered,agent,§18.2,"The board records the first visible row's node id and offset and restores that after a refetch, with an ancestor fallback when the node is gone.",no,,,"add-test (vitest): test both the anchor+restore and specifically the ancestor-fallback branch, which is the part most likely to silently break.",
R-051,Zoom keeps the instant under the visible track's centre,uncovered,agent,§18.2 §18.4,"Changing zoom preserves the instant at the horizontal centre of the track area, measured excluding the sticky rail width, so repeated zooming does not drift.",no,,,"add-test (vitest): a pure geometry function — cheap and valuable, this class of ""keep X fixed while zooming"" bug is classically fiddly.",
R-052,A background refetch never blanks the board,uncovered,agent,§18.2,"The spinner shows only when there is no cached data, not on every fetch, so the board does not flash empty each time it refreshes.",no,,,add-test (vitest): cheap and prevents a very visible regression (flashing/flicker) users would notice immediately.,
R-053,Scrolling never triggers a fetch,uncovered,agent,§18.2,The loaded window is exactly what the toolbar asked for and the board marks its own end. Window extension on scroll is deferred.,no,,,add-test: a light audit/test asserting no query fires on scroll would be cheap and worthwhile.,
R-054,Assignments are sorted before lane packing,covered,agent,§18.3,"buildBoardIndex sorts assignments chronologically before greedy first-fit lane packing, so three back-to-back blocks fed out of order still occupy one lane.",yes,vitest | src/test/boardIndex.test.ts,,Solid — matches the claim directly.,
R-055,Today scrolls to now; Prev and Next do not,uncovered,maintainer,§18.4,"The toolbar has Prev day, Today and Next day. On first mount and on Today the board scrolls so now sits a quarter of the way across the track. Prev and Next do not re-scroll.",no,,,"add-test (e2e/vitest): a specific, easy-to-regress UX detail (quarter-of-the-way positioning, Prev/Next not re-scrolling) worth pinning.",
R-056,Fit scales rows to fill the available height within 0.75×–2.5×,uncovered,maintainer,§18.10 §18.11 §18.12,"fitScale is the available height divided by the natural Standard height, clamped to 0.75–2.5, computed in one pass from unscaled heights. Every density field is rounded to an integer, NaN and Infinity are guarded, a chip always fits its lane and an avatar its chip.",no,,,Check whether scaleAudit.test.ts already covers this (it covers sibling numeric claims) before writing something new — the NaN/Infinity guard clause is a real crash risk if genuinely untested.,
R-057,--ui-scale is published on the document root,uncovered,agent,§18.14,"Because popovers are portaled, any board custom property must be set on :root or the portal silently gets the fallback value.",no,,,Likely the same class of bug scaleAudit.test.ts already exists to catch — recommend adding a case there rather than a new test file.,
R-058,Popover width is computed once and keeps it on screen,uncovered,agent,§19.11 §19.14,"One source of truth for the scaled width feeds both the inline style and the edge clamp, the viewport is tracked by a resize listener, and a malformed anchor never yields NaN. The popover stays inside the viewport near the right edge at maximum scale.",no,,§19.14 names cases P17–P24 but not the test file.,"add-test (vitest): NaN-from-malformed-anchor is a real crash risk — worth a direct test, similar territory to popoverDrag.test.tsx.",
R-059,A hierarchy level with nodes cannot be removed,covered,agent,§19.1 §19.27,"Deleting a level that still has nodes is refused (level_in_use), both by the FK and by save_hierarchy_levels check 7.",yes,sql | supabase/tests/70_hierarchy_test.sql,,Solid.,
R-060,The client slugify matches the SQL slugify exactly,covered,agent,§19.9 §19.12 §19.13,The client's slugify reproduces Postgres slugify() on a recorded corpus including non-transliterated accents and Unicode case mapping; the corpus is the contract.,yes,vitest | src/test/hierarchy.test.ts,,"Solid, and the ""recorded corpus is the contract"" pattern is a smart, maintainable test design.",
R-061,Client validators never throw on malformed input,covered,agent,§19.12 §19.14,"validateLevelDraft and the popover placement function return typed results for null, missing, numeric or NaN inputs; a validator called on every keystroke must not throw.",yes,vitest | src/test/hierarchy.test.ts,,"Solid, good defensive-input coverage.",
R-062,The client is never stricter than the server,uncovered,agent,§19.12 §19.30,"A client pre-check may only refuse what the server would refuse. Where they diverge the server is tightened, and the client always passes the complete level list so the mirror cannot drift on a partial array.",no,,,This is a design-principle relationship (client vs. server strictness) rather than one testable behavior — reword into a testable form or convert into an audit/lint (compare client validators against server RPCs) rather than a single vitest case.,
R-063,Names are trimmed with the ECMAScript whitespace set on both sides,covered,agent,§19.13,"app_trim_ws backs every level and node name trim, stripping exactly the code points JS String.trim strips (including U+FEFF, excluding U+200B), so a tab-only or NBSP-only name is refused and never stored.",yes,sql | supabase/tests/70_hierarchy_test.sql | cases W1–W7,,Solid.,
R-064,Path cascades on rename never touch another org's nodes,covered,agent,§19.15,"nodes_cascade_path filters by org_id, so a rename by the table owner, a service role or a bulk import cannot re-path a subtree in another tenant at the same path.",yes,sql | supabase/tests/80_cross_org_test.sql | cases C19,,"Solid, direct cross-org proof.",
R-065,"Level identity is (template, position); one schedulable level per template",covered,agent,§19.18 D86,"unique (template_id, position) replaces unique (org_id, position) and the one-schedulable partial index moves to template_id, so a second template may hold its own schedulable level.",yes,"sql | supabase/tests/10_constraints_test.sql | cases Case 3, Case 3b",,Solid.,
R-066,save_hierarchy_levels requires a template id; the old signature is gone,covered,agent,§19.18,"The one-argument save_hierarchy_levels is dropped, not overloaded, and p_template_id has no default. Saving one shape must never delete or renumber another shape's levels.",yes,"sql | supabase/tests/90_hierarchy_template_test.sql | cases T17, T18",,Solid.,
R-067,"board_window returns only in-window levels, each with template_id",covered,agent,§19.18,"The board receives levels only for the templates under its root path, with template_id on every level, and the client parser rejects a level payload missing template_id.",yes,vitest | src/test/shapes.test.ts,,Solid.,
R-068,Template RPCs reuse existing error codes and create empty templates,covered,agent,§19.18,"create, rename and delete hierarchy template add no error code: an unknown or foreign template is invalid_argument and a template with populated levels is level_in_use. A new template is created empty; nothing decides the site's shape for the admin.",yes,sql | supabase/tests/90_hierarchy_template_test.sql,,Solid.,
R-069,"canDropOn mirrors the server: position first, then template",covered,agent,§19.18 §19.26,"The client's legal-parent check tests level position then template, in the server's order, so with two shapes in one org a Line from shape A is never offered a Department from shape B even when the arithmetic lines up.",yes,vitest | src/test/hierarchy.test.ts,,Solid.,
R-070,The level editor refuses to guess which structure it is editing,uncovered,agent,§19.18 §19.24,LevelEditor fails closed when the loaded levels span more than one template; the structure selector sits on top of the Levels card and the editor edits only the selected one.,no,,,add-test (vitest): the fail-closed-on-multi-template behavior is a real safety property worth a direct test; moderate priority.,
R-071,"The structure list comes from hierarchy_templates, not from levels",covered,agent,§19.20 §19.22,"The shape picker derives its list from the templates table so a newly created, still empty template is offered immediately rather than vanishing.",yes,vitest | src/test/shapePicker.test.ts,,Solid.,
R-072,A refused tree drop explains itself; structure dominates,covered,agent,§19.26 §19.32,"describeDrop derives legality only from canDropOn and chooses wording separately: an unresolvable level is named as such, a different structure beats wrong depth. A foreign structure block is muted by colour (never opacity) with one heading, the hovered row keeps a full-strength refusal outline, and the adopt tick sits in the same rail as a real child's elbow.",yes,vitest | src/test/treeDrag.test.ts,,Solid and thorough — the colour-not-opacity distinction is a nice specific pin.,
R-073,The Move to… menu is the keyboard path for re-parenting,uncovered,agent,§19.26 §19.36,The menu lists exactly the legal parents. The drag handle is focusable but does nothing on Enter or Space; the menu is the accepted keyboard route.,no,,,"add-test (vitest/e2e): an accessibility-relevant keyboard path, easy to regress without an explicit test.",
R-074,"Level editor mirrors the outcome check; disables Save, not arrows",covered,agent,§19.30 §19.31,"findLevelOrderProblems runs the server's three questions (removed level with nodes, stranded root, stranded child) against the draft order. Arrows stay enabled, Save goes dark with a sentence per problem naming the draft level, and a scrambled order lights up as soon as it is dragged back into shape.",yes,vitest | src/test/levelDraft.test.ts | cases S1–S18,,Solid.,
R-075,place_node delegates guards to move_node and renumbers densely,covered,agent,§19.37 §19.42,"place_node calls move_node for every structural guard, then renumbers the destination's children 0..n-1 so the node lands at p_index (clamped to 0..n, NULL means 0). Paths are untouched, the source parent is not renumbered, and repeating the call is idempotent.",yes,sql | supabase/tests/75_node_mobility_test.sql | cases M1–M8,,"Solid, and the idempotency claim specifically being tested is good.",
R-076,A subtree promotes or demotes one rung without stranding work,covered,maintainer,§19.33 §19.37 §19.41 D72,"promote_node derives the new parent (grandparent or root); demote_node takes a chosen parent at the node's own level in the same template outside its subtree. Descendants are re-levelled parent-first so the adjacency trigger stays armed. A move is refused up front if any level has no rung to land on, and refused with schedulable_level_locked if any run or assignment in the moved subtree would end up off the schedulable level. No new error code.",yes,sql | supabase/tests/75_node_mobility_test.sql | cases M11–M24,,"Solid, wide case range.",
R-077,The hierarchy escape hatch is honoured only for the table owner,covered,maintainer,§19.33 §19.41,app.hierarchy_migration is honoured only when the caller has the nodes owner role; any other caller setting it gets a raised error rather than a silent bypass. Nothing in the product uses the hatch.,yes,"sql | supabase/tests/75_node_mobility_test.sql | cases M22, M24 ;; sql | supabase/tests/70_hierarchy_test.sql | cases N14, N14b",,"Solid, direct security-relevant proof (no silent bypass).",
R-078,Tree drag releases pointer capture and keys Escape on drag presence,uncovered,agent,§19.36,"On pointer up or cancel the drag releases capture and clears state, and the Escape listener is installed once per drag rather than on every pointer move.",no,,Both found by review in §19.36 and folded into P1-5l rather than patched.,"add-test (vitest): a listener-hygiene/resource-leak claim, cheap to cover and worth having.",
R-079,The admin screen and its nav link are admin-only,covered,maintainer,§19.39,"adminAccess(role, loading) returns granted, pending or denied; the nav link and the route guard use the same predicate, an unknown role is refused, a pending state shows neither the screen nor a refusal, and a non-admin never downloads the admin chunk. The database remains the authority.",yes,"vitest | src/test/session.test.ts | cases A1–A11 ;; vitest | src/test/requireAdmin.test.tsx | cases G1 a system admin is let through, G2 an admin-anywhere is too, G3 a viewer is refused in place with a way back and the children ABSENT rather than hidden, G3b a supervisor is admitted on purpose (D114), G4 an unknown role is refused rather than admitted by accident, G5 a loading session shows neither the screen nor the refusal","⚠️ A1–A11 ARE ABOUT THE PREDICATE; THE GUARD HAD NO TEST until DEF-0001's lead pointed at the hole from the other side (the rewritten smoke test can no longer reach the refusal, because that needs a signed-in non-admin). The model tested and the screen not — the same shape as DEF-0004. One clause here is still only half-covered on purpose: ""a non-admin never downloads the admin chunk"" is a claim about `routes.tsx` putting the guard OUTSIDE the `lazy`/`Suspense` boundary, and no component test can watch a bundler. What G3 proves is the half underneath — the guarded children never render, so nothing below the guard runs.","Solid — very thorough, covers all role/loading states including the D114-aware supervisor case.",
R-080,Admin-ness and org are derived from one deterministic acting profile,covered,agent,§19.43 D98,"app_current_profile_id() picks one profile by ORDER BY org_id, id; app_current_org(), app_is_admin() and app_can_write() all derive from that profile. A user who is viewer in one org and admin in another can never write in the org where they are a viewer, and still can write where they are admin.",yes,sql | supabase/tests/45_acting_scope_test.sql | cases A1–A11,,Solid.,
R-081,"CSV import: RFC 4180, BOM stripped, parents before children",uncovered,agent,§19.4 §19.36,"The import parser handles quoting, BOM and CRLF, maps headers, detects duplicates and orders tree rows parents-before-children. A re-import must update existing rows rather than fail with path_collision.",no,,,"Check whether CSV import for nodes has actually shipped — if not, this is a queued feature, not a tested-vs-untested requirement.",
R-200,"Three roles: system admin, site admin, supervisor/viewer",covered,maintainer,§19.44,"A system admin (org-wide `user_profiles.role = 'admin'`) can affect anything at any site. A site admin is a `profile_grants` row with role `admin` on a site node and may change only that site. A supervisor holds a `supervisor` grant, may only do assignments and has no admin page. A viewer grant reads only. The role vocabulary is admin | supervisor | viewer.",yes,sql | supabase/tests/46_scoped_roles_test.sql | cases S1–S19 (S2 pins the role check constraint),,Solid.,
R-201,"A person may hold several roles, one per place",covered,maintainer,§19.44,"A role is a property of a (person, place) pair, not of a person. Multiple roles are multiple `profile_grants` rows on different nodes; the key `(profile_id, node_id)` allows exactly one role per person per node. A supervisor on Line 3 who is also admin on Plant 2 is two grants.",yes,"sql | supabase/tests/46_scoped_roles_test.sql | cases S5, S13, S15",,Solid.,
R-202,Grants add power and never subtract it,covered,agent,§19.44,"Coverage is the union of every grant whose node is an ancestor-or-self of the row, and the strongest role wins. Admin on Plant 1 plus viewer on Line 3 makes the person an admin on Line 3; giving someone read access to one line can never demote a plant admin.",yes,sql | supabase/tests/46_scoped_roles_test.sql | cases S7,,Solid.,
R-203,"`app_is_admin_anywhere` is visibility only, never authorisation",covered,agent,§19.44 §19.47,"`app_is_admin_anywhere()` answers only ""should this person see the admin section at all"". It never authorises a write.",yes,"sql | supabase/tests/46_scoped_roles_test.sql | cases S13, S14",,Solid.,
R-204,Node visibility follows grant paths; creators see their new row,covered,agent,§19.44,"`nodes_select` admits a row when the org matches and the caller is a system admin or the row's path is at-or-below one of the caller's grant paths. The predicate reads the row's own `path` column, never the `nodes` table, so an `INSERT … RETURNING` by a site admin or supervisor returns the created row instead of D85's silent empty result.",yes,"sql | supabase/tests/46_scoped_roles_test.sql | cases S10, S18",,"Solid, and the ""reads the row's own path column"" detail is exactly the subtlety these hierarchy bugs live in.",
R-205,Granting access is org-wide-admin-only (0019 interim),superseded,agent,§19.44,"Under migration 0019 the policies on `profile_grants` are untouched, so only an org-wide admin may hand out access; a site admin gains no new ability until 0020 rewrites the guards deliberately.",yes,sql | supabase/tests/46_scoped_roles_test.sql | cases S17 (old form),Deliberately interim. 0020 §9 (§19.46) made `profile_grants` node-scoped and S17 was rewritten to assert the new three-part rule.,Correctly superseded by R-220.,
R-206,"A permission refusal says `not_permitted`, not a wrong code",covered,agent,§19.44 §19.46,"When a site admin is refused because a node is outside their grant, the error is `not_permitted`. It must not surface as `level_mismatch` (from the adjacency trigger's invisible lookup) or as `invalid_argument / not found` for a real node in the caller's own company. Another tenant's node still reads as ""not found"".",yes,"sql | supabase/tests/47_site_ownership_test.sql | cases W13, W14 (all three arms), W17 (both arms) ;; sql | supabase/tests/46_scoped_roles_test.sql | cases S17 (rewritten form)",,Solid.,
R-207,Upgrading old `can_edit` grants never promotes anyone to admin,covered,agent,§19.44,"The 0019 backfill translates the old `can_edit` boolean into a role without handing any existing subtree grantee the `admin` role; `can_edit = true` becomes `supervisor`, not `admin`.",yes,"sql | supabase/tests/upgrade_0019_backfill.sql | cases U0–U4 (U2, U4 catch over-promotion)",,"Solid, and exactly the kind of migration-safety test (no over-promotion) worth having.",
R-208,Each site is its own instance of the app,covered,maintainer,§19.45 §19.46,"A company (system) admin reaches every site and may change anything anywhere. A site admin is locked to their site and may make any change that particular site needs without touching another site. The test for every guard is ""can a site admin do this without touching another site?"" — if yes, it is theirs.",yes,sql | supabase/tests/47_site_ownership_test.sql | cases W0–W39,,"Solid, broad case coverage.",
R-209,Level vocabulary is a site admin's job,covered,maintainer,§19.45 §19.46,"A site admin may edit their own site's structure (rename the template, save and reorder its levels). An unowned structure stays company-admin-only and a site admin cannot create unowned structures.",yes,"sql | supabase/tests/47_site_ownership_test.sql | cases W4, W6, W7, W8, W9, W10, W35",,Solid.,
R-210,A site admin cannot write the company-admin flag,uncovered,maintainer,§19.45 §19.46 §19.54,"A login, a company membership row (which carries the company-admin flag) and access to a place are three separate things. A site admin may give people access to their site but may never write `user_profiles.role`; that table stays company-admin-only.",no,,Stated as the rule of 0020 §9 and relied on by §19.54's analysis; no case is named for the `user_profiles` write refusal itself.,"add-test (sql): a real security-boundary claim (RLS on user_profiles.role) with no test — should be cheap given the shape of the sibling escalation tests (R-207, R-219).",
R-211,Shared lists carry an owning site; NULL means company-wide,superseded,maintainer,§19.45 §19.59 §19.60,"Operators, products, skills and shift patterns each get a nullable `site_node_id`. A site admin creates and edits their site's entries and cannot touch another site's; an entry with no owner is company-wide and company-admin-only (""we can have defaults"").",yes,sql | supabase/tests/51_shared_list_owners_test.sql | cases Q0–Q37,D108 (§19.72) removed the company-wide option: `site_node_id` became NOT NULL on all four tables. D115 (§19.81) then replaced the single owner on products with a list of plants.,Correctly superseded by R-D108; minor nit — it's unusual for a superseded row to still carry live test evidence when most others in this file leave verified_by empty once superseded.,
R-212,A new site gets its own copy of a structure,covered,maintainer,§19.45 §19.46,"Creating a root node copies the chosen structure (every level, including `is_schedulable`) into a new template owned by the new site; `p_template_id` means ""the shape to copy from"". A child node lands on its parent's copy. `create_node` returns the id of the copy, never the source, and the copy's name gets a bounded suffix on collision rather than a raw `23505`.",yes,"sql | supabase/tests/47_site_ownership_test.sql | cases W0, W34, W35, W36 ;; sql | supabase/tests/90_hierarchy_template_test.sql | cases T21, T24, T26, T32, L13, L16",,Solid.,
R-213,"One site, one structure, owned by a root",covered,agent,§19.45 §19.46,"`hierarchy_templates.site_node_id` points at a root node; a site owns at most one structure (partial unique index), the owner must be a root (trigger) and a template's org matches its owner's. A structure shared across several sites is no longer expressible — rolling one shape out to several plants copies it into each.",yes,"sql | supabase/tests/47_site_ownership_test.sql | cases W1, W2, W3 ;; sql | supabase/tests/upgrade_0020_site_ownership.sql | cases V0–V4",,"Solid, sql plus an upgrade-migration test.",
R-214,"Permission is checked after existence, not before",covered,agent,§19.45,"In template RPCs the ownership guard sits immediately after the org-scoped existence check, so a mistyped id in the caller's own org still answers `invalid_argument / not found` and only a real row the caller may not touch answers `not_permitted`. Cross-tenant callers learn nothing either way.",yes,"sql | supabase/tests/90_hierarchy_template_test.sql | cases T9, T10a, T18",,"Solid, and it's testing an important ordering (existence check before permission check) that's a common security anti-pattern when done backwards.",
R-215,Node RPC guards: operations on a site are company-admin only,covered,agent,§19.46,"Creating a root, deleting or deactivating a root, moving a root, and moving a node to no parent require a company admin. Every other node operation requires admin for the node named, and a move or demote requires admin for both the source and the destination. `place_node`, `promote_node` and `demote_node` carry no guard of their own because `move_node` / `app_relevel_subtree` always run first.",yes,"sql | supabase/tests/47_site_ownership_test.sql | cases W15, W17, W18, W19, W20, W21, W22, W25, W26, W27 ;; sql | supabase/tests/46_scoped_roles_test.sql | cases S17",,"Solid, broad.",
R-216,A site admin can rename their own site,covered,agent,§19.46,Renaming the root a grant sits on succeeds for that site's admin even though the rename moves the grant's own path; `app_is_admin_on_grant_node` answers from the node id and `nodes_cascade_path` rewrites every descendant path.,yes,sql | supabase/tests/47_site_ownership_test.sql | cases W16,,Solid.,
R-217,A mid-tree admin cannot re-parent their own grant node,covered,agent,§19.46,"The rename allowance applies only to parentless rows, so an admin whose grant sits on a department cannot move that department out of its plant by a direct table update.",yes,sql | supabase/tests/47_site_ownership_test.sql | cases W23 (both arms),,Solid.,
R-218,Known limitation: a department admin cannot rename their grant node,covered,agent,§19.46,An admin whose grant sits on a mid-tree node (a department) cannot rename that node. A site admin is unaffected. The refusal is recorded on purpose so whoever closes it must delete the case deliberately.,yes,sql | supabase/tests/47_site_ownership_test.sql | cases W24,"A recorded, unwanted refusal; closing it needs grants to stop resolving through a mutable path.","A documented, deliberately-tested known limitation — good practice; worth reusing this pattern (test-and-record a gap on purpose) elsewhere instead of just leaving requirements silently uncovered.",
R-219,A place's admin can hand out access to it,covered,maintainer,§19.46 §19.45,`profile_grants` is node-scoped on all four commands: a site admin may grant within their admin scope. They can never grant themselves admin on the root above them or admin on another site.,yes,"sql | supabase/tests/47_site_ownership_test.sql | cases W28 (escalation, both directions), W29 (positive), W30",,"Solid, both escalation directions tested.",
R-220,A site admin adds people to their site and sets roles,covered,maintainer,§19.46 §19.51,"A site admin may add a person to a place they administer and set that person's role there (adding and re-roling are one row), and may remove them. The company-admin flag is not part of that.",yes,sql | supabase/tests/48_site_membership_test.sql | cases X1–X39,,"Solid, broad.",
R-221,Node attachments are writable by the node's admin,covered,agent,§19.46,"`node_skill_requirements` and `node_shift_templates` may be inserted, updated or deleted by an admin for the node they hang off.",yes,"sql | supabase/tests/47_site_ownership_test.sql | cases W37, W38",,Solid.,
R-222,Node attachments are readable org-wide (0020),superseded,agent,§19.46,SELECT on `node_skill_requirements` and `node_shift_templates` stays org-wide because `nodes_select` decides visibility and a requirement row for an invisible node resolves to nothing.,no,,§19.72 found a Plant 2 supervisor could list Plant 1's requirements and patterns through these tables; 0028 §7 scoped both by `app_can_read_node(node_id)`.,Correctly superseded by R-266.,
R-223,The hierarchy-migration escape hatch must not open to ordinary callers,covered,agent,§19.46,"`nodes_check_level_adjacency` stays SECURITY INVOKER. Making it SECURITY DEFINER would make D97's `pg_has_role(current_user, …)` gate true for every caller and open the migration hatch to anyone signed in.",yes,sql | supabase/tests/47_site_ownership_test.sql | cases W39 (behaviour and `prosecdef = false`),,"Solid, and a good example of testing a negative (stays INVOKER, not DEFINER) that's easy to regress silently during a refactor.",
R-224,The admin page opens for anyone who administers something,covered,agent,§19.47,"`adminAccess()` is `pending` while the profile loads, `granted` for a company admin or for anyone whose `app_is_admin_anywhere()` is exactly `true`, and `denied` otherwise. The probe fails closed: an error resolves to `false`, so a nav link and route guard are hidden rather than shown.",yes,"vitest | src/test/session.test.ts | cases A1–A17 (A16 keeps the role term, A17 pins strict equality)",,"Solid, and the fail-closed-on-error case is a good specific pin.",
R-225,The shape picker offers only structures the viewer may edit,covered,agent,§19.47 §19.51,"A site admin's structure picker is filtered to `editable_shape_ids()`. The filter fails OPEN (a missing or non-array answer lists everything and the server refuses the edit), and the selection is resolved after filtering so it can never land on a hidden structure.",yes,"vitest | src/test/shapePicker.test.ts | cases F1–F11 (F7 pins the `Array.isArray` guard) ;; sql | supabase/tests/48_site_membership_test.sql | cases X3, X38",,"Solid, fail-open filter with a specific guard case (the Array.isArray check).",
R-226,"A tree row offers peer slots or adopt, never both",covered,agent,§19.48,"When dragging a node, a row that is a peer of the dragged node is split into `before` and `after` halves; a row that is a possible parent is one whole `adopt` zone; any other row refuses the drop. No row ever offers all three.",yes,"vitest | src/test/treeDrag.test.ts | cases P7 (exhaustive over all 121 pairs), D1–D39",,"Solid, the exhaustive-121-pairs case is a strong signal.",
R-227,Reordering among siblings is a legal drop,covered,agent,§19.48,"Dropping before/after a sibling that shares the dragged node's parent is a pure reorder and is accepted; the index handed to `place_node` is counted among the destination parent's children with the dragged node removed, taken from the rows the admin is looking at. Roots are siblings of each other and can be reordered by a company admin.",yes,"vitest | src/test/treeDrag.test.ts | cases D7b, D8, D9, D34",,Solid.,
R-228,No caret for a drop landing where the node already is,covered,agent,§19.50 §19.56,"A placement whose destination parent is the node's current parent and whose index equals its current position offers nothing. In the tree the dead zone is dropped and the row's surviving placement takes the whole row; in the level list the dead half collapses into the live one, and the dragged row itself draws no caret.",yes,"vitest | src/test/treeDrag.test.ts | cases R37–R40, D35–D39 ;; vitest | src/test/levelDraft.test.ts | cases P1–P25 (P12 pins the dragged row, P25 the unreachable seam)",,"Solid, edge-case-rich (dead-zone collapse in both the tree and the level list).",
R-229,"Level list drag is one `moveTo` action, splice out then in",covered,agent,§19.48,"Reordering a level is a single `{ kind: ""moveTo"", from, to }` action equal to the chain of adjacent swaps it replaces; the row is removed first so `to` is read against the shortened array and a downward drag does not land one short. Rows in the draft are copies.",yes,"vitest | src/test/levelDraft.test.ts | cases L12, L16",,"Solid, and the ""downward drag lands one short"" bug class called out is exactly the off-by-one this deserves testing for.",
R-230,The level list has a drag grip that works by touch,uncovered,maintainer,§19.56 §19.58,"Each level row carries a `⠿` grip (with `touch-action: none` and its own pointer handler) so a finger can start a drag; the whole row shows `cursor: grab` and a visible hover tint that stands down while a drag is live so the caret owns the seam. The grip sits last but one, immediately before the row's `×`, matching where the tree puts its grip.",no,,"The rendered states are in docs/mockups/p1-6e-level-grip.png and d100-drag-surface.png; the behaviour rule (P group) is covered by R-228, the affordance itself by no committed case.","add-test (e2e/vitest): a real usability risk on tablets, worth a direct touch-interaction test.",
R-231,`site_people` lists people only for a node you administer,covered,agent,§19.51,"A site admin can read the people of a node they administer through `site_people(p_node_id)`, shown by email address; a caller who administers nothing gets `not_permitted`. `user_profiles`' read policy is untouched so the company-admin flag is never exposed.",yes,sql | supabase/tests/48_site_membership_test.sql | cases X1–X39 (X39 pins the cross-tenant impossibility),"Open from §19.52: a department admin administers no structure and so gets ""no-place"" on the Access panel.","Solid, cross-tenant case included.",
R-232,"A refused membership write is a typed error, never silent",covered,agent,§19.51,"`set_site_member` and `remove_site_member` pre-check `app_is_admin_for(node)` and raise `PT403` with a typed detail, so a refused remove is not a green tick that the refetch undoes.",yes,"sql | supabase/tests/48_site_membership_test.sql | cases X16, X28",,Solid.,
R-233,You cannot remove your own admin grant on this node,covered,agent,§19.51,Only the row that currently grants the caller `admin` on this exact node is protected; changing or adding your own row elsewhere in your site is allowed because the strongest covering grant still decides.,yes,"sql | supabase/tests/48_site_membership_test.sql | cases X21, X31",,"Solid, the self-grant-elsewhere-still-allowed nuance is well covered.",
R-234,The Access panel separates the direct grant from inherited ones,covered,agent,§19.52,"A row splits `directRole` (the grant on this node, the only thing the screen edits) from `inheritedGrants` (grants further down the subtree, real access but not editable here). An address that is not a string becomes blank, never invented text; a null place is never ""ready"".",yes,"vitest | src/test/siteAccess.test.ts | cases A5, A16, A49, B33, C4, C5",,Solid.,
R-235,The Access panel owns its own place selection,covered,maintainer,§19.53,"The Access tab chooses its own place from the sites the viewer administers, named by the site rather than by the structure; the picker renders only when there is more than one, and a selection pointing at a place no longer administered falls back rather than sticking.",yes,vitest | src/test/siteAccess.test.ts | cases resolvePlace cases (57 → 72),"Labelled ""D101"" in §19.53; that number is reused in §19.59 for shift patterns (R-D101).",Solid.,
R-236,Access rows share one grid with fixed control columns,uncovered,maintainer,§19.53,"Data and columns are presented structurally: one grid template shared by header and rows, fixed tracks for the role control and the action, anything that cannot fit a column on its own full-width line, and every candidate row shows its access (""No access"").",no,,"Labelled ""D102"" in §19.53; that number is reused in §19.59 for product colour (R-D102). Layout only; no test.","add-test: this is basically the same shape as R-332 (settings row alignment), which was tested with settingRowStandard.test.ts — reuse that pattern rather than writing something bespoke; cosmetic, not urgent.",
R-237,Adding a person is an action: candidates appear only when searched,covered,maintainer,§19.55,"The member list is the screen. People who could be added appear only for a non-blank search; until then the section says to search by email address. One box answers both ""who can get in"" and ""who could I add"", and a box cleared to spaces is not a search. Empty lists show a sentence that distinguishes ""nobody has access yet"" from ""nobody matches this search"", not a bare header.",yes,"vitest | src/test/siteAccess.test.ts | cases A44, A44b, A44c (mutations B50, B51)",,"Solid, and the ""cleared to spaces is not a search"" case shows real edge-case care.",
R-238,A site admin cannot edit a company admin's access row,covered,maintainer,§19.54,"A site admin may neither remove nor re-role a grant held by a company admin; two company admins remain peers. The guard sits after ""nothing here to remove"" and before the self-rule. On screen the row's control is absent with an explanation that is not the ""nothing to take away"" sentence.",yes,"sql | supabase/tests/49_company_admin_rows_test.sql | cases X43–X46 ;; sql | supabase/tests/48_site_membership_test.sql | cases X36 ;; vitest | src/test/siteAccess.test.ts | cases G3–G7 ;; vitest | src/test/defects/DEF-0011.test.ts | cases the last definition of `set_site_member` in `supabase/migrations/` still raises `company_admin`; an earlier one did, so this is a loss and not an absence; and `remove_site_member`'s copy is still found, so a red first case is about the guard and not about the reader ;; sql | supabase/tests/77_admin_only_at_plant_root_test.sql | cases AR8 — the company-admin guard is in the SAME function as the admin-at-root rule","⛔ CONTRADICTED 5 Sept by DEF-0011. Migration 0053 re-emitted `set_site_member` from 0021 rather than from 0022 and dropped this rule; `49_company_admin_rows_test.sql` X42 is red on the committed tip and a site admin can re-role a company admin's grant again. `remove_site_member` was not re-emitted and still refuses, so X41 passes and half the rule survives. ⚠️ FIX-CLAIMED in `7b58315` (session 74): 0054 slices the body out of 0022 by script, inserts 0053's block, and asserts all three reasons on the assembled text before writing it. X42 is green again and 77's AR8 asks the same question of the last definition. Stays `contradicted` until the tester re-runs its own reproduction. Recorded gap: `profile_grants` RLS is untouched, so a direct PostgREST delete of that row is still possible; X46 asserts the gap on purpose.","Solid — four suites including a defect-driven one, a very thorough security-boundary proof.",
R-239,"Client hides only what the server refuses, and vice versa",covered,agent,§19.54 §19.57 §19.77,"A client control is never hidden for something the server permits, and never shown for something the server refuses. Fixes to a permission defect land on the server first; a screen is turned on only when the policies behind it allow the edits it offers.",yes,"sql | supabase/tests/65_offered_in_window_test.sql | cases X1 the defect in one comparison — the same person, part and cell, with the readable place list EMPTY and the server answering TRUE; X2 every part on a supervisor's board names her cell in offered_node_ids while site_node_ids stays empty (so a later fix that widened the read policy instead would move that number rather than pass quietly); X3 the answer is still per node; X4–X6 the SECURITY DEFINER helper discloses nothing the caller could not already read — not a root above their grant, not a sibling department, not the other tenant, which uses the same paths ;; vitest | src/test/scope.test.ts | cases XP1 a part whose places were filtered away is still offered, XP2 an empty places list is not the question any more, XP3 an empty OFFERED list is offered nowhere, XP4 (promoted from DEF-0002's pin) a part made only at another plant is absent, XP5 a part on another line is absent, XP6 the answer is per node ;; vitest | src/test/auditAccess.test.tsx | cases the rail offers what the server permits, tab by tab -- a site admin IS offered Settings, is NOT offered Activity, and a company admin gets both, so no case passes by hiding everything","⛔ CONTRADICTED 6 Sept by DEF-0015 (tester): a viewer granted one cell presses Enter on the track and gets a create form with a four-person picker and an enabled Create, and clicks the chip and gets Person, Save and Delete --- every one refused by the policies (the DELETE came back 200 with zero rows and the board said ""You don't have permission to change that. --- reverted.""). The panel and Copy week ARE hidden; the pop-ups are not decided by can_place at all. Minor: nothing is written and the app says why. ⚠️ FIX-CLAIMED in `01a2612` (session 81). Decided in one place: the board reads `can_place` and hands it to the gesture layer (no create form on Enter or click-drag, no drag) and to the assignment and run pop-ups as read-only (the details and Close). Nine unit cases, the pin green, and a browser case as Viva, the new Plant A viewer, reading it off the screen. ✅ VERIFIED 6 Sept by the tester (session 82), in the browser as Viva, Vito and Vina with every write intercepted: no panel, no Copy week, Enter on a track opens nothing, the chip and the run band open read-only with Close only, a drag and an arrow nudge attempt no request. Ana and Dana lost nothing: the create form, Person/Save/Delete, the run's fields, the drag and the nudge all still fire. The gate is the server's `can_place`, read once; six mutations of it each caught by name. An invariant stated in `shapePicker.ts`, `siteAccess.ts` and verification rule 8c; individual instances are covered by their own entries. ⚠️ FIX CLAIMED, NOT VERIFIED (DEF-0005, fix 808a52d). This row has now been broken in BOTH directions by the same picker, which is why it finally has cases of its own. DEF-0002 was the first half — a control SHOWN for something the server refuses, eight parts of twelve. DEF-0005 was the second — a control HIDDEN for something the server permits, three parts of four, and worse, because a refusal is loud while a missing option is silent. The second was not a regression from the first: it dates to migration 0034 and was invisible to every role that could report it, since an admin's own grant covers everything their board can show. ⚠️ AND A THIRD TIME, FROM THE HIDDEN SIDE AGAIN (DEF-0007, VERIFIED 2026-09-05, fix 23ba9aa). The Settings tab was hidden from every plant admin while `set_node_setting` was taking their writes on their own plant. Same shape as DEF-0005 and the same reason it stayed: the client's rule was a BOOLEAN CONSTANT written when the server's rule was one too, and the server's became per-node two migrations later. A flag on a menu row cannot track a predicate that takes an argument. The lesson this row now carries three times over: where the server's gate names a NODE, the client's answer belongs where the node is known, not on the rail. ⭐ The tester re-verified it on the screen and at the server: Dana is offered Settings and not Activity, all three of the panel's scopes behave as its header says, and a legal value written over her own session was READ BACK OUT OF THE DATABASE rather than trusted because nothing threw. Both halves of the axis were mutated on a scratch copy and both go red with a name, so the replacement for the case that used to pin the bug is not itself a case that cannot fail. ⛔ A FOURTH TIME, FROM THE HIDDEN SIDE, ONE LEVEL DEEPER (DEF-0010, open). DEF-0007 was a PLANT admin refused the Settings tab. The tab is reachable now and the scope it can be pointed at is still a PLANT ROOT --- so somebody whose ADMIN grant sits on a LINE or a CELL gets the whole rail, lands on ""Company defaults"" with both controls disabled and ""Only a system admin can change this"", and reaches none of the panel's three states. Measured over that person's own session with the rows read back: `set_node_setting` takes their write on their own line AND on a cell below it, and refuses the plant root above them; `board_window` emits `node_policies` PER NODE, so a line-level answer is the one the board enforces there. The client predicate is not the bug --- `canAdministerPlant` mirrors the server exactly --- the bug is that `SettingsScope` has no way to name a place below a root, and `settingsScope` sends a reader who cannot write the company to the company anyway. ⚠️ AND THIS ROW'S OWN EVIDENCE HAS A HOLE IN IT (DEF-0009): the third `verified_by` entry above names `src/test/defects/DEF-0007.test.tsx`, which `cab45d9` deleted when it promoted that pin. The cases live on in `src/test/auditAccess.test.tsx`; the pointer was not moved with them.","Solid, and this is literally the codebase's own ""client shows what the server refuses"" principle, well tested and named by defect id.",
R-240,"0023 changes who may edit, not who may read",superseded,agent,§19.60,"Every `_select` policy on the shared lists stays org-wide; only write policies become owner-scoped, because `check_eligibility` reads skills as the caller and a read narrowing would become a silent write refusal.",yes,sql | supabase/tests/51_shared_list_owners_test.sql | cases Q11 (old form),Reversed by D107 (§19.68): ownership decides reading too. Q11 was rewritten to assert the new contract.,Correctly superseded by R-D107.,
R-241,Dependent rows inherit their parent's ownership for writes,covered,agent,§19.60,`shifts` and `shift_breaks` are writable by whoever may edit their shift template; an `operator_skills` row is writable by whoever may edit the operator. A site admin can edit their own site's rows and nothing owned elsewhere; a refused UPDATE/DELETE under RLS is zero rows and no exception.,yes,"sql | supabase/tests/51_shared_list_owners_test.sql | cases Q6, Q9, Q21, Q32, Q34, Q37",,Solid.,
R-242,An owning node must be a root (0023),superseded,agent,§19.60,"The owner trigger refuses a `site_node_id` that is not a root node, with `42501`-shaped refusal for another site's root rather than ""not found"".",yes,"sql | supabase/tests/51_shared_list_owners_test.sql | cases Q12 (old form), Q13",0025 (§19.66) removed the root-only branch; ownership may name any node. Q12 was rewritten to pin the widening.,Correctly superseded by R-D103.,
R-243,The palette picker is not callable by ordinary users,covered,agent,§19.60,"`app_pick_product_color` is revoked from PUBLIC and granted to nobody; only the insert trigger (SECURITY DEFINER) reaches it, so no viewer can probe another tenant's palette usage.",yes,sql | supabase/tests/51_shared_list_owners_test.sql | cases Q35,,"Solid, good security-relevant proof (function locked down from all callers).",
R-244,Promote and demote refuse with the twelve-code contract,covered,agent,§19.61,"A promote or demote whose destination already holds that name raises `path_collision` with `{path, existing_node_id}`; one that would strand scheduled work raises the stranded payload as `{blocking_rows, level_id, reason}` so the client decodes it instead of ""Something went wrong"".",yes,"sql | supabase/tests/76_relevel_contract_test.sql | cases N1–N17 (N5, N12, N15, N16, N17 pin the inert guards)",,Solid.,
R-245,The re-level menu speaks the org's level names and hides nothing,covered,agent,§19.61,"The menu entry reads ""Make this a <level name>"" from the org's own vocabulary, falling back to ""Move up a level"" when the rung cannot be resolved. A blocked entry is shown and explained, never hidden; every client mirror fails open and the server's refusal is what says no. The menu never predicts scheduled work.",yes,vitest | src/test/relevel.test.ts | cases K1–K36 ;; vitest | src/test/errors.test.ts | cases two cases for `schedulable_level_locked` wording,,Solid.,
R-246,An admin section cannot be enabled without its panel,covered,agent,§19.62,"Each admin section's `enabled` flag is exported by its own panel, and every id in `SECTIONS` has a matching pane branch in `AdminPage`, so a rail button can never open onto nothing.",yes,vitest | src/test/scaleAudit.test.ts | cases H1–H6 (H2 pins the id list),,"Solid, a nice structural-integrity check (a rail button can never open onto nothing).",
R-247,A refused table write is reported as what it is,covered,agent,§19.63,"Plain table writes classify their failures: an RLS refusal is `WriteRefused` (""you don't have permission""), never ""you need to sign in""; a unique violation is `DuplicateValue`; a foreign-key block is `StillInUse`; a check failure is `InvalidValue`; the shift exclusion constraint is `ShiftOverlap` while other exclusion constraints fall back to `RaceLost`. Every table write ends in `.select()` and `requireWritten` turns a zero-row UPDATE/DELETE into `WriteRefused` instead of ""Saved"".",yes,sql | supabase/tests/30_shifts_test.sql | cases both constraint names exist in pg_constraint,"Text names 18 client cases (""group W plus two rewritten"", W5 for the constraint-name extractor) but not the file they live in; the only named file covers the constraint names, not the behaviour, so left uncovered.","Weak: the verified_by only proves the constraints exist in pg_constraint, not that the error-classification logic (RLS→WriteRefused, unique→DuplicateValue, etc.) actually fires — add a vitest test on the classifier itself.",
R-248,"Shift and break times: midnight, 24 hours and zero length",covered,agent,§19.64,"A shift or break may end exactly at minute 1440 (midnight) and counts as crossing midnight; a break may start after midnight (day marker on both ends, so `{1440,1455}` and `{0,1455}` render differently); a 24-hour shift is legal; a zero-length shift is refused; the overlap banner counts pairs.",yes,"vitest | src/test/shiftDraft.test.ts | cases V1, V2, V3, V5, V6",,"Solid, exactly the kind of boundary-heavy claim that benefits from explicit case-by-case tests.",
R-249,An edit is blocked only by the problems it introduces,covered,agent,§19.64 §19.65,"Saving a shift or break is refused only for problems the change itself caused; pre-existing problems are identified by `(field, shiftIndex, breakIndex)` coordinates, not by message text, so editing a shift's times does not trap on a stray break and a shift with a naming problem cannot be given an illegal time.",yes,"vitest | src/test/shiftDraft.test.ts | cases W1–W6 (W3, W6)",,"Solid, coordinate-based (not message-text) problem identification is a good design choice, well tested.",
R-250,Breaks are a table and can be edited in place,uncovered,maintainer,§19.65,"A pattern's breaks are shown in fixed-width columns (name, span, duration) with a header per shift, and an existing break can be edited without deleting and retyping it.",no,,,"add-test (vitest): an in-place-edit UX claim, moderate priority.",
R-251,A pattern row visibly says that it opens,uncovered,maintainer,§19.65,"The shift-pattern row that expands to its shifts carries an affordance — a turning caret, an underline on hover and focus, and a ""show shifts"" hint — so a new user knows it can be opened.",no,,,Low priority: a pure affordance/cosmetic claim; accept-risk is reasonable unless accessibility is a specific concern.,
R-252,A product's colour can be set by the user,uncovered,maintainer,§19.65 §19.66,"The automatic pick at creation stays and nothing re-picks on rename or re-assignment, but the swatch is a button that opens the palette (and, since 0025, accepts a hex). `setProductColor` is its own write so a colour change cannot fail on a duplicate SKU. The hint no longer says the colour ""never changes"".",no,,,"Likely tested somewhere already given the claim says this shipped (""since 0025"") — check productsPanel.test.tsx / the 0023 upgrade suite for overlap before writing something new.",
R-253,Reads page to exhaustion; no answer built on a short read,uncovered,agent,§19.64 §19.66,"PostgREST caps unbounded reads at 1000 rows silently. Every read is paged to exhaustion, and where a screen computes rather than lists, it refuses to show an answer built on a read known to be short.",no,,Decided in §19.66 §4 after the maintainer asked for a plain-language card; not recorded as built in the sections read.,"add-test (sql/vitest), and treat as real priority: a silent data-truncation past 1000 rows is a ""quiet data loss"" bug class, not something to accept-risk.",
R-254,"An operator's scope filters the roster only (D103, operators)",superseded,maintainer,§19.65 D103,"An operator's owning node decides who you see and who you administer, never who may be assigned where; where a person may work is answered by trainings and requirements alone.",no,,Explicitly marked superseded in §19.65: 0028/D109 made ownership refuse an assignment outside the operator's branch and D113 gave that refusal a recorded-reason override.,Correctly superseded by R-D109.,
R-255,History keeps rendering a product it would no longer offer,covered,agent,§19.65 §19.66 §19.68,"Narrowing what is OFFERED never changes what the board can DRAW. `board_window` reports each scope and filters nothing; a run already carrying a product that moved out of scope keeps rendering it, as the retired-product list already does.",yes,sql | supabase/tests/52_scope_and_colour_test.sql | cases S18,After 0026 S18 asks as the company admin and only catches a filter inside `board_window`.,"Solid, single case but directly on point.",
R-256,A product colour is a palette token or one canonical hex,covered,agent,§19.66,"`color_token` is `product-N` or `#rrggbb` (lower case, six digits, anchored); `#FFF`, `#FFFFFF`, `white` and `teal #1baf7a` are refused. The client is lenient about what is typed (`#1BAF7A`, `1baf7a`, `#1ba`, padding) and strict about what it stores; a hex is a fill, never a text colour. One resolver, `src/lib/productColor.ts`, turns a stored colour into CSS.",yes,"sql | supabase/tests/52_scope_and_colour_test.sql | cases S8, S14 ;; sql | supabase/tests/51_shared_list_owners_test.sql | cases Q27 (four spellings)",,"Solid, the strict-store/lenient-parse asymmetry is well tested with specific spelling variants.",
R-257,The client's edit preview fails open; company-wide stays company-admin,uncovered,agent,§19.66,"`canEditProduct` answers yes when it cannot tell, because a wrong ""no"" is invisible while a wrong ""yes"" is one clear refusal sentence. Only a company-wide row is refused client-side, because that answer comes from the profile role with no lookup.",no,,"Exercised by the 11 client mutations in §19.66 §7 without a named file; D108 later deleted the company-wide refusal (W12c), widening the fail-open — recorded in §19.72a.",add-test (vitest): the fail-open design is deliberate and easy for a future refactor to accidentally flip — worth pinning directly.,
R-258,Row controls carry accessible names unique to their row,covered,agent,§19.67,"A row's editable fields are named for their row (""Product code for WX"", ""Where WX belongs"") so two rows or a row and the Add card never present two controls with the same accessible name; the Add card keeps plain names because its labels are visible text.",yes,"vitest | src/test/productsPanel.test.tsx | cases T8 ;; vitest | src/test/trainingsPanel.test.tsx | cases N1-N4 (N1 the two-plant collision, N2 a sweep for any name something else carries -- at rest and with a row open, N3 the Add card keeps plain names, N4 an unambiguous leaf is left short)",,"Solid, thorough audit-style test across two panels.",
R-259,No member of one plant sees another plant's information,covered,maintainer,§19.68 §19.72,"A person sees only their own site's data — products, operators, shifts, anything — unless they are a system admin. The board already obeys this; the lists it is made of must too.",yes,sql | supabase/tests/53_read_scoping_test.sql | cases R1–R17 ;; sql | supabase/tests/55_ownership_scope_test.sql | cases N1–N18,,"Solid — this is literally the CLAUDE.md-titled requirement (""no member from one plant sees another's info""), well proven.",
R-260,Eligibility does not depend on what the caller may list,covered,agent,§19.68 §19.69 §19.72,"`check_eligibility` is SECURITY DEFINER with one explicit gate, `app_can_read_node(p_node_id)`, so a supervisor's eligibility verdict includes requirements placed above their grant and a training the caller cannot list still counts as held. It refuses exactly when reading the run would have refused.",yes,"sql | supabase/tests/53_read_scoping_test.sql | cases R12, R13, R14",,"Solid, and specifically documents a SECURITY DEFINER used correctly, tied to the codebase's documented definer/invoker lesson.",
R-261,A row on a visible schedule stays readable (0026),superseded,agent,§19.69 §19.71,A foreign-owned product or operator already on a run or assignment the reader can see remains readable so the board can name its own history.,yes,"sql | supabase/tests/53_read_scoping_test.sql | cases R9, R10, R11",§19.71 recorded the clause leaking into the catalogue; 0028 removed the precondition and deleted both `_on_visible_schedule` functions (55_ N13).,Correctly superseded by R-D109.,
R-262,The board opens on the top of what you can see,uncovered,agent,§19.70,"`visible_board_roots()` returns the nodes the caller can see whose parent they cannot — the real roots for a company or site admin, the department for a supervisor — never a node they could not SELECT. It runs as the caller and still scopes to one org for a session that bypasses RLS. Inactive tops are ordered last, not excluded.",no,,"§19.70 names ten SQL cases (V2–V9; V4 joins output back through `nodes`, V9 runs under BYPASSRLS) but not the file they live in.","add-test (sql): meaningful entry-point behavior (which root the board defaults to per role) — high visibility if wrong, worth a direct test.",
R-263,The board header names the place; picker only with a choice,uncovered,agent,§19.70,"The board reads ""Board · <place> · <dates>""; a picker appears only when more than one root is offered. A remembered choice the server no longer offers is dropped, matching is exact (not ltree-prefix), and a person with no grant on any node sees a sentence about themselves rather than an error.",no,,"Seven `rootSelection.ts` cases (W5, W6) and SQL V8 are named; their files are not.",add-test (vitest): the picker-appears-only-with-choice and stale-remembered-choice-dropped logic is easy to regress silently.,
R-264,The product catalogue lists only what this site administers,covered,maintainer,§19.71,"`productRows` drops a product whose owner is a site the viewer cannot see and counts it (""1 product scheduled here belongs to another site, so it isn't listed"") without naming it. When the structure read failed (`sites === null`) nothing is filtered rather than emptying the list.",yes,vitest | src/test/products.test.ts | cases L24–L29,,"Solid, and the ""count without naming"" privacy-shaped UX detail is a nice specific pin.",
R-265,An owner cannot be moved out from under its own history,superseded,agent,§19.72,"Re-homing a row that already has runs or assignments outside the new owner's subtree is refused with `owner_change_blocked` naming the count, so the write-time guards cannot be bypassed later.",no,,For products D115 moved this guard from re-home to un-assigning a plant (§19.81). No case named for the 0028 form.,Correctly superseded by R-274.,
R-266,Requirement and pattern attachments are readable only where the node is,uncovered,agent,§19.72,"`node_skill_requirements` and `node_shift_templates` are readable only for nodes the reader can read, so a Plant 2 supervisor cannot list which trainings Plant 1's cells require or which pattern each runs.",no,,Fixed in 0028 §7; no case named.,"add-test (sql): a real security-boundary gap in the same family R-259/R-260 already prove for other tables — this is the missing piece, worth prioritizing.",
R-267,A person may only hold a training on their own branch,covered,agent,§19.72 §19.85,An `operator_skills` row is allowed only when the training's owner and the person's owner are comparable (either is an ancestor-or-self of the other): a plant-wide person may hold a Line 1 training; a Plant 2 person may not hold a Plant 1 training.,yes,sql | supabase/tests/55_ownership_scope_test.sql | cases N7 (both directions; mutation M7),,"Solid, mutation testing cited again is a good signal.",
R-268,Products and people are snapshotted onto history; configuration cascades,covered,agent,§19.74,"When a product or person is deleted, their identity (sku, name, colour; display name) is copied at delete time onto surviving runs and assignments and the reference is released to NULL. Trainings and shift patterns are present-tense configuration: their join rows go by cascade, and a line admin can delete their training even where they are not admin for a plant-wide holder.",yes,"sql | supabase/tests/56_ (full name not given in §19.74) | cases D22, D23, D25",,"Solid, and the present-tense-vs-snapshot distinction is exactly the subtlety worth having a named test for.",
R-269,"A refused delete says why, before anything is attempted",covered,agent,§19.74,"`delete_owned_row` checks permission up front and refuses with a message that says the caller may not administer this site, distinct from the row-count guard's ""could not be deleted"". RLS stays on underneath as the second gate and every destructive statement compares `ROW_COUNT`.",yes,sql | supabase/tests/56_ (full name not given in §19.74) | cases D27 (asserts the message),,"Solid, permission-before-attempt ordering is a good security pattern, well tested.",
R-270,The delete dialog knows what it destroys before it asks,covered,agent,§19.74,"`DeleteDialog` asks `deletion_preview` first and keeps both destructive buttons disabled until it answers. ""Deactivate instead"" is the primary action only when something not yet started would go (three stakes: nothing, history-only, destructive); the confirm button names what it removes; an unknown preview key is rendered, never dropped.",yes,"vitest | src/test/deletion.test.ts | cases K5, K8 (21 cases)",,"Solid, thorough (21 cases).",
R-271,Trainings and shift patterns can be deactivated,uncovered,agent,§19.74,"`skills.active` and `shift_templates.active` exist so all four owned lists mean the same thing, and a screen lets an admin deactivate a training or pattern instead of deleting it.",no,,"Marked OWED in §19.74: the columns exist, no screen reads or writes them, and `DeleteDialog` offers no ""Deactivate instead"" for those two kinds.","add-test (sql): fairly mechanical (an active flag), moderate priority, cheap to add alongside existing evidence.",
R-272,The board offers products by scope and annotates people outside theirs,covered,agent,§19.76,"The create popover offers only products that belong at the cell and are active, with the chosen product derived each render and Create disabled on an empty list. A person outside their area is left in the list, annotated ""— not from this area (override)"" with a checkbox and required reason mirroring the training override.",yes,"vitest | src/test/scope.test.ts | cases XP4 (inverted for DEF-0002) a place not in the board's map is not offered, XP6 a part made only at another plant is absent from the dropdown, XP7 parts made at this plant are still offered — the fix cuts and does not empty, XP8 a part at this plant but on another line is still absent, XP9 a board rooted below a plant still offers its own parts ;; vitest | src/test/dragGesture.test.ts | cases DEF-0002's second door: changing the selected place closes the popover it was opened over, so a stale cell cannot fall back to the whole catalogue","⚠️ FIX CLAIMED, NOT VERIFIED (DEF-0002, fix 30aff5f). ""Offers only products that belong at the cell"" was false for every part of every other plant: the offering predicate failed OPEN on a place it could not resolve, and the board's map is one plant's subtree, so a part made elsewhere was unresolvable and therefore offered — twelve entries in Plant A's picker, eight of them guaranteed refusals. The other half of this row — Create disabled on an empty list, and the ""not from this area (override)"" annotation — still has no committed case; the cases named here cover the offering rule only. Status stays `contradicted` until the tester re-runs its own reproduction.","Solid, and DEF-0002's ""second door"" case (stale popover closing on place change) shows real defect-driven rigor.",
R-273,The board still loads after a deletion with history,uncovered,agent,§19.76,`Run.productId` and `assignment.operatorId` are nullable in the client shapes and carry the snapshot fields; `history.ts` resolves the live row while it exists and synthesises a view from the snapshot afterwards. A synthesised row has an empty id and owner so `offeredAt` can never be asked about it.,no,,Case H19 and 24 in-place probe assertions are named; the test file is not.,"add-test (vitest), and treat as a real priority: a null Run.productId path is easy to crash on, exactly the kind of ""green case pinning a bug"" risk untested code invites.",
R-274,A plant cannot leave a part still scheduled under it,uncovered,agent,§19.81,Deleting a `product_sites` row is refused with `owner_change_blocked` naming the count when that plant is the last remaining maker covering a live run or assignment; adding a plant is unguarded.,no,,,"add-test (sql), and flag as one of the more concerning gaps: this supersedes R-265 and inherits its whole responsibility with currently zero test evidence.",
R-275,Where a person can work has three states; unknown never inside,covered,maintainer,§19.77,"For each schedulable place the screen answers ✓ (in their area and holds the trainings), ✕ (in their area, missing a training) or ⚠ (outside their area — allowed only with a recorded reason). `qualified` (trainings alone) is kept separate from `eligible`; the area walk is reflexive and by `parentId`; an unresolvable area is never read as inside and is counted with outside.",yes,"vitest | src/test/operators.test.ts | cases A1–A15, Q1–Q5, S3–S5",File name inferred from the case groups the text names; the text itself does not name the file.,"Solid, and the ""unknown never inside"" fail-closed default is exactly right.",
R-276,Other plants stay listed but annotated (first §19.77 draft),superseded,agent,§19.77,The fix is not to hide other plants: every schedulable cell in the company stays listed and the ones outside the person's area are marked ⚠.,no,,Reversed the same day after the maintainer said those locations should not be visible at all; the board analogy was judged wrong for an informational list.,"Correctly superseded by R-277, a good example of a design draft properly retired.",
R-277,The places list stops at the person's own plant,covered,maintainer,§19.77,"The list is cut at the root the person's own area sits under — not at their area, so lending within a plant (the ⚠ state) stays visible while other sites do not. What is trimmed is counted in a footnote named by the root's own name. A place whose root cannot be resolved is kept and a person whose root cannot be resolved filters nothing. The trim is presentation, applied by the panel, not inside `workPlacesFor`.",yes,"vitest | src/test/operators.test.ts | cases R1–R10 (R4 keeps workPlacesFor complete; R7, R8 fail open)",Composition in `OperatorsPanel` (trim then active filter) is pinned by nothing; no test mounts that panel as of §19.77.,Solid.,
R-279,The count line names what it counts,covered,agent,§19.77,"The headline reads ""<n> of <own> places in their own area · <m> elsewhere, only with a recorded reason""; `ownArea + outsideArea === total`, always.",yes,vitest | src/test/operators.test.ts | cases S3–S5,,"Solid, the arithmetic-invariant check (ownArea+outsideArea===total) is a nice cheap assertion.",
R-280,One plant filter for every admin section,covered,maintainer,§19.79,"A single plant filter on `AdminPage` narrows Hierarchy, Access, Shifts, Operators, Products (and the Matrix). The state lives once, panels read it through `usePlantFilter` and take no prop for it, and the chosen plant is spelled out in the header of every tab.",yes,vitest | src/test/plantFilter.test.ts | cases 28 cases,,Solid.,
R-281,"The filter defaults to the reader's last choice, remembered per org",covered,maintainer,§19.79,"The default is the last plant chosen, remembered across visits and keyed by org; a stored choice the reader can no longer read is dropped, and ""All plants"" is never stored as a sentinel. With only one readable root there is no control and no header row — decided by the count of readable plants, never by the role.",yes,"vitest | src/test/plantFilter.test.ts | cases 28 cases (unreadable stored choice, one-plant control, sentinel, org key)",,"Solid, good edge cases (unreadable stored choice, sentinel).",
R-282,The filter narrows forms too; view choice is not permission,covered,maintainer,§19.79,"What you see is what you can create in: every owner picker is narrowed by the filter so a row cannot be created into a plant that is filtered away. The filter (reversible view choice) and `scopeOptions`' `canEdit` (permission) are two narrowings and neither is implemented in terms of the other. The ancestry test compares `path` with `isAtOrBelow`, label by label.",yes,vitest | src/test/plantFilter.test.ts | cases 28 cases (`startsWith` mutation caught),"Still owed: all three callers pass no `canEdit` set, so a picker can offer a node the server refuses.","Solid, and it explicitly separates two kinds of narrowing (view vs. permission), a good conceptual distinction to keep tested.",
R-283,"The Hierarchy tab filters rows, never the tree's knowledge",covered,agent,§19.79,The tree and level editors always receive the complete node list so no move the server accepts is refused client-side; `visibleNodeIds` filters only the rendered rows (a plant is a whole subtree). The structure picker is narrowed too and the selection re-resolves against what it offers; a structure owned by nobody is kept at every plant because it is what a new root copies from; the add-root form stays working and annotated rather than disabled.,yes,vitest | src/test/plantFilter.test.ts | cases 28 cases (every topmost node treated as a root),,Solid.,
R-284,Everything the filter trims is counted,uncovered,agent,§19.79,"Every trimmed list — people, trainings, products, patterns, places, tree rows — carries a footnote with the count, naming the filter's own label rather than the word ""plant"", because the hierarchy is user-defined.",no,,,add-test (vitest): could reuse R-279's counting-invariant pattern; moderate priority.,
R-285,Access keeps its own selection within the filtered list,uncovered,agent,§19.79,The shared filter narrows the list of places the Access tab chooses from; the panel still owns which one it shows and drops a selection the list no longer contains.,no,,,add-test (vitest): similar shape to R-281's dropped-stale-choice logic; moderate priority.,
R-286,A select never shows a value absent from its options,covered,agent,§19.79,"An edit form shows the row's stored owner even when the filter hides it, and saves what it shows; a draft never holds an id with no option behind it; a cold load never submits an empty `site_node_id`.",yes,vitest | src/test/productsPanel.test.tsx | cases T13 (9 cases),The `ShiftsPanel` and `OperatorsPanel` halves are pinned only at library level; nothing mounts those panels.,Solid.,
R-287,The training-name warning has three answers; warnings never block,uncovered,agent,§19.80,"Typing a training name: a match under this owner disables Create and offers the existing row; a match elsewhere in this plant names the other place (""Line B already has a First Aid"") and leaves Create live; a match in another plant says nothing. Without a node map there is no plant pass.",no,,Cases N12–N18 and O23 are named; their files are not.,"add-test (vitest): duplicate-name detection across scopes is meaningful data-integrity logic, moderate priority.",
R-288,"Split: the part record is company property, makers per plant",uncovered,maintainer,§19.81,"Creating, renaming, recolouring or deleting a part is company-admin only. A plant admin may add or remove their OWN plant from a part's makers; a company admin manages the whole list. A part with zero plants is a legitimate state — the board simply does not offer it. The create form asks for sku and name and no owner.",no,,,Likely overlaps with R-308/R-D115 (products belong to a list of plants) — check for duplication before writing a new test; candidate to reword/merge rather than test fresh.,
R-289,Automatic colour balances across the whole org and never re-picks,uncovered,agent,§19.81,`app_pick_product_color(p_org_id)` chooses the least-used token across all the org's products; colour is set once at insert and only a deliberate hand-override changes it.,no,,,"Likely the same claim as R-D102's later amendment (""D115 balances the automatic pick across the whole org"") — recommend merging/linking rather than treating as a separate untested requirement.",
R-290,The CSV parser is RFC 4180 and entity-agnostic,uncovered,agent,§19.82,"Quoted fields may contain commas, newlines and doubled quotes; LF, CRLF and bare CR are record breaks; a leading BOM is stripped so the first header maps. It produces a grid and knows nothing about products.",no,,,"add-test (vitest): a pure parsing function, cheap and high-value to test with the classic CSV edge cases (quoted commas, CRLF, BOM).",
R-291,"Product import matches on external_id, then sku",uncovered,agent,§19.82,"A row is judged in order: an `external_id` matching an existing part UPDATES sku and name unless the new sku already belongs to a different part; an unmatched `external_id` INSERTS; with no `external_id`, a matching sku UPDATES that part and a new sku INSERTS; two file rows sharing an external_id or a sku are both errors; an optional `plant` column assigns a `product_sites` row after the write, an unresolvable plant name is an error and a blank one is fine.",no,,"""Verified on the running database"" — a manual check, no case named.",add-test (vitest): multi-branch matching precedence (external_id then sku) is easy to get subtly wrong — worth a direct test.,
R-292,"Import previews a plan, applies per row, company-admin only",uncovered,agent,§19.82,"The wizard previews INSERT / UPDATE / ERROR per row before applying, validates with the same `validateProductDraft` the manual form uses, applies one row at a time so each outcome is reported, sets `external_id` and a non-manual `source` on inserts, and shows a site admin the preview but not the Apply button.",no,,,add-test (vitest/e2e): a whole wizard feature with zero test evidence — worth at least a happy-path plus one error-row case.,
R-293,A new plant can copy an existing plant's structure,uncovered,maintainer,§19.83,"`copy_plant_structure(source_root, new_name)` creates a new plant as a copy of an existing plant's node tree — structure only, empty of parts and people — in one atomic call that loops over `create_node` (so the template is copied and every step is permission-checked as the caller). Company-admin only. The add-root form offers ""Empty (from a shape)"" or ""Copy an existing plant""; the library is just an existing plant, edited with the ordinary tree editor.",no,,Verified on the running database (13 nodes copied); no suite case named. Tree CSV import was dropped in its favour (§19.85).,add-test (sql): a whole-tree-copy operation with permission checks per step — moderate-to-high priority.,
R-294,People import matches on external_id; inserts need a site,uncovered,agent,§19.84,One generic `ImportWizard` driven by a per-entity descriptor serves every import. Operators match on `external_id` only (a row without one can only INSERT); an insert must resolve a plant by name and a blank plant is a per-row error; an UPDATE leaves the site alone. Imported rows carry `external_id` and the file name as `source`.,no,,Verified in the browser only.,"add-test (vitest): same shape as R-291, worth a direct test.",
R-295,Trainings import bulk-adds training types per plant,uncovered,maintainer,§19.85,"A trainings CSV matches on (name, owner): the plant is resolved by name, a new pair inserts, an existing pair is a no-op update, and a blank or unresolvable plant is a per-row error.",no,,,add-test (vitest): same shape as R-291/R-294.,
R-296,Certifications import matches by employee ref and training name,uncovered,maintainer,§19.85,"Each row records that a person holds a training. The person is matched by employee ref (an ambiguous ref is refused); the training by name among skills owned on the person's own branch. A held training is updated, an unheld one granted; the CSV is authoritative for sign-off, certified and expiry dates and a malformed date is refused. Both trainings and certification imports gate on admin-anywhere, so a site admin imports their own plant.",no,,Driven in the browser only.,add-test (vitest): the ambiguous-employee-ref refusal is the trickiest part and most worth pinning specifically.,
R-297,The matrix shows one column per training,covered,maintainer,§19.86,"The training matrix is one row per person and one column per training (Layout A, like the paper skills matrix), status at a glance.",yes,vitest | src/test/matrix.test.ts | cases 22 tests,,Solid.,
R-298,The matrix header is the hierarchy up to the top,covered,maintainer,§19.86,"Each training sits under the node that owns it and the header climbs from the highest level in view down to that owner; a node that owns trainings and has children shows its own under a ""<node> · <level>-wide"" bucket beside its children. With no node above the plants they sit side by side with no invented root.",yes,vitest | src/test/matrix.test.ts | cases 22 tests (buildColumns),,Solid.,
R-299,Matrix filters cascade and are scoped by what you can read,uncovered,agent,§19.86,The plant chooser is the shared admin filter; the panel adds an area-then-line cascade and a multi-select over operators. There is no per-role special-casing: the node set is RLS-scoped so a supervisor simply has fewer nodes to filter by.,no,,,"add-test (sql/vitest): the ""no per-role special-casing, RLS decides"" design claim is worth pinning with a supervisor-vs-admin comparison test.",
R-300,"Cell states and glyphs: trained, expiring, expired, not trained, N/A",covered,maintainer,§19.86,"A cell is Trained `✓` when a record exists, Expiring `▲` within the window (30 days for now), Expired `↻`, Not trained `×`, or N/A when the training's owner is not on the person's branch. `×` means never trained and `↻` means lapsed; the two must never read alike.",yes,vitest | src/test/matrix.test.ts | cases 22 tests (cellStateFor),,"Solid, and the ×/↻ never-confused pin is a good specific detail.",
R-301,"Record in place, and never a tick the server would refuse",uncovered,maintainer,§19.86,"A cell opens a form that grants or edits the record without leaving the grid. Applicability is `isAtOrBelow` on the ltree path, the same test the server runs; the grid never offers a cell `app_guard_operator_skill_scope` would refuse, and edit rights mirror `app_can_edit_operator` failing open so the write-error contract answers.",no,,,"add-test (vitest/sql), and treat as a real priority: this is exactly the codebase's own documented pattern (""the same test the server runs"") in an area with a history of exactly this class of bug (DEF-0002).",
R-302,The Operators tab is a single matrix keyed on places,covered,maintainer,§19.87,"The per-operator view is one places grid down to the cell level, with the header climbing plant → area → line and each schedulable place a column under its parent. Each cell carries the three-state verdict as a `✓` / `×` / `⚠` chip, `×` and `⚠` never confused, with the reason in the hover title and hidden hint. The chip, legend and record popover are shared with the Matrix tab through `matrixCells.tsx`.",yes,vitest | src/test/operatorsPanel.test.tsx | cases O1–O6,,Solid.,
R-303,A place cell opens a chooser of trainings to record,covered,maintainer,§19.87,"Clicking a place cell lists the trainings gating that cell that are missing (Record) or expiring (Renew) and hands off to the shared record popover in place, which grants or edits with three optional independent facts and a free-text, trimmed signer plus the org. Only a training that applies to the person is offered; one owned off their branch is named ""owned elsewhere"" and not offered. A `✓` cell says ""Trained for this cell."" Editing or removing a still-valid training is the Matrix tab's job.",yes,vitest | src/test/operatorsPanel.test.tsx | cases O19–O29,,Solid.,
R-304,The matrix remembers its viewer's window and scope,covered,maintainer,§19.86,"The ""expiring soon"" window is a per-viewer setting of 30 / 60 / 90 days, not a constant, feeding `buildMatrix`'s `windowDays`. It and the area / line scope are remembered per viewer (per org) the way the plant filter is — a guarded, org-scoped `localStorage` value that folds a corrupt or out-of-range store back onto the default and never takes the screen down. The operator multi-select is deliberately session-only. When the grid is empty it names which absence it is — no trainings, no operators, or none selected — each with its own fix.",yes,vitest | src/test/matrixPrefs.test.ts | cases MP1–MP16,,Solid.,
R-305,Site admins and supervisors get the matrix's hierarchy filters,covered,maintainer,"the maintainer, 2 Sept (in session)","The area / line cascade anchors on what the reader can see, not on the plant chooser — which appears only for a reader of more than one plant. A site admin or supervisor with a single readable root gets the cascade under that root (its own level words as labels); a supervisor whose top is an area anchors on the area. A multi-plant system admin at ""All plants"" still gets no area cascade until a plant is picked, since it would otherwise be ambiguous.",yes,"vitest | src/test/matrixPrefs.test.ts | cases MP17–MP23 (readableRootIds / cascadeBaseId) ;; screen | Signed in against the dev_demo cast and opened the Matrix section as each role. dana (site admin, Plant A) and ana (supervisor, Line 1) each gained a hierarchy filter labelled with their own level word (Department, Work cell) where before they had none; admin (system) still shows only the window until a plant is picked.",,"Solid, and the manual ""screen"" check paired with automated tests is a nice belt-and-suspenders combo.",
R-306,A shift pattern's Edit is the one door — it opens the whole pattern and Cancel closes it,covered,maintainer,"the maintainer, 2 Sept (in session)","Editing a shift pattern opens its name, its owner, and its shifts and breaks together — one button that reveals everything editable about the pattern, not a rename that leaves the times behind a separate click. Cancel closes everything Edit opened — the name/owner editor AND the shifts — since Edit is one door in. Reverses D106's narrow-Edit scoping at the maintainer's request. And it is the ONLY door: the pattern name is plain text, not a second toggle. It used to expand the shifts on its own, which left the Edit button reading ""Edit"" over an already-open row — two controls disagreeing about one row (the maintainer, 2 Sept). So the disclosure now lives on the Edit button alone, which carries aria-expanded; the name opens nothing.",yes,"vitest | src/test/shiftsPanel.test.tsx | cases S13 (Edit opens name + shifts), S13b (Cancel closes both), S13c (name is plain text; Edit is the sole opener, carrying aria-expanded) ;; screen | As the company admin, clicked Edit on a pattern: the name and Owned-by fields opened and the pattern expanded to its shifts and breaks. Cancel then collapsed both back. The pattern name no longer responded to a click — only Edit opened the row.",,Solid.,
R-307,"A product's Edit reaches its colour, and colour waits for Save",covered,maintainer,"the maintainer, 2 Sept (in session)","Editing a product opens its code, its name, and its colour palette together, so Edit changes the whole shared record. Colour picked in the Edit panel is STAGED and applied on Save, like the code and name — Cancel discards it — rather than writing on the click. It stays a separate write from the rename (products.ts keeps setProductColor apart from updateProduct), so Save orders the two: rename first, colour only once the rename is in. The row swatch stays a shortcut that still writes at once, having no Save to wait for. Reverses D115's split of colour onto the swatch alone at the maintainer's request.",yes,"vitest | src/test/productsPanel.test.tsx | cases T2b (palette in Edit), T2c (staged, not written until Save), T2d (Cancel discards), T2e (rename then colour) ;; screen | As the company admin, opened Edit: the code and name inputs showed a ""Colour"" palette row (swatches, native picker and hex). Picking a chip left the row's own swatch on its old colour until Save, and the write fired on Save, not on the click.",,"Solid, ""staged not written until Save"" is a good specific behavioral pin.",
R-308,"A site admin makes, and wholly owns, a product at their own plant (D116)",covered,maintainer,"the maintainer, 2 Sept (in session)","A site admin may add a part — the maintainer, 2 Sept: ""a product is going to have unique part number, there is little to no risk to let a site admin add a new product."" Because create is the birth of a company-wide identity, the whole lifecycle crosses together, bounded to a part the admin actually owns (labelled D116 in the code, migration 0036). CREATE: a site admin creates AT a plant they administer and the part is assigned to it in one transaction (the RPC create_product_at_node, gated on app_is_admin_for(node)); no company-wide orphan is left if the assignment is refused. RENAME, RECOLOUR, DELETE: allowed to a site admin only while EVERY plant that makes the part is one they administer (app_can_edit_product_record) — the moment a second plant adopts it, its identity is company property again. A company admin keeps the plant-less create and may change any record. This reopens the D115 Split, which had made the whole shared record company-only; the products UPDATE/DELETE policies and the delete_owned_row product branch widen from app_is_admin() to the shared predicate, and the client mirrors it (canEditProduct takes the row's makers and the reader's admin scope) as a fail-open hint with the server's WriteRefused as the backstop.",yes,"sql | supabase/tests/62_product_lifecycle_test.sql | cases Q1 (create at own plant, assigned + readable), Q2 (foreign plant refused PT403, nothing created), Q3 (company admin creates anywhere), Q4 (a second plant adopting flips rename to 0 and delete to PT403) ;; sql | supabase/tests/61_product_places_test.sql | cases P5 (site admin renames a wholly-made part (1) not a shared one (0); plain insert still 42501), P6 (site admin deletes a wholly-made part, refused PT403 a shared one, company admin deletes it) ;; vitest | src/test/products.test.ts | cases W1-W3 canEditProduct (company any; site admin only a part wholly in their plants; orphan is company property), W8-W9b editRefusalNote ;; vitest | src/test/productsPanel.test.tsx | cases T10 (a plant admin sees the create card with a ""Made at"" picker and Edit on parts made only in their plant), T10b (create routes through the plant RPC with the chosen node)",,"Solid and thorough, four suites for a full lifecycle claim.",
R-309,A system admin sets one date-display format for the whole company,covered,maintainer,"the maintainer, 3 Sept (in session)","A system admin picks one date-display format for the company and every calendar date the app shows as TEXT reads that way, while the data stays stored in its native ISO form. The maintainer, 3 Sept: ""set the date format... the whole app should display dates in that format throughout."" Settled org-wide (set by the system admin), not per-site: a plant is only a root node, and a per-site format would need the node-scoped nearest-ancestor resolution that per-site timezone (R-D88 / D88) reserves for Phase 2, which this does not touch. The choice is a CLOSED enum stored as a token in orgs.settings.date_format -- d_mon_yyyy (default; the shape the app shipped with), dmy_slash, mdy_slash, iso. TIMEZONE is out of scope by the same decision: the surfaces named show Postgres `date` columns, timezone-less by construction, so only the format changes what they read. Rendering goes through ONE seam (src/lib/format/dates.ts, formatCalendarDay) that is pure string work -- no Date, no Intl, no timezone, because parsing a `date` through `new Date` would move it a day west of Greenwich. The setting governs displayed text only: a native date input and CSV import parsing stay ISO. The write is an RPC (set_org_date_format, migration 0037) because a plain UPDATE is a silent zero-row no-op for a non-admin under orgs_update; it pre-checks app_is_admin, validates the token, and merges the one key so the rest of the settings bag survives. The Settings section is system-admin only, filtered on profile.role in AdminPage (adminSectionsFor returns ""all"" for a site admin too), with the RPC as the real gate. And so that a future date adopts the format automatically, dateSeam.test.ts fails the build when a date is formatted with Intl.DateTimeFormat, toLocaleDateString/toLocaleTimeString or a hand-rolled month array anywhere but the two allowlisted seams (dates.ts and board/lib/time.ts, plus operators.ts for the dependency-free default renderer).",yes,"sql | supabase/tests/63_org_date_format_test.sql | cases X1 (admin sets a format, capacity_cap/eligibility_policy survive the merge), X2 (the write persists), X3 (unknown token refused invalid_argument, nothing written), X4 (a supervisor refused not_permitted, setting untouched), X5 (null refused) ;; vitest | src/test/dateFormat.test.ts | cases each token renders correctly, unknown/absent -> default, a non-YYYY-MM-DD string passes through, and the seam default equals operators.formatDay so the two cannot drift ;; vitest | src/test/dateSeam.test.ts | cases synthetic bypasses (Intl, toLocale*, month array) are flagged, the seams are allowed their tools, comments are not read, and the real src tree formats no date outside the seams ;; vitest | src/test/boardTime.test.ts | cases formatDayLabel keeps the weekday and reformats the date per token (default byte-identical to v1), and resolves the day in BOARD_ZONE not local time","Where it shows and where it cannot. WIRED: the board's day labels (range + column headers, weekday kept, format-only, still BOARD_ZONE) and the Operators expiry line. IMMOVABLE by nature, recorded not owed: a native `<input type=""date"">` (the board From picker, the Matrix/Operators certified/expires fields) is drawn by the browser in its own locale, and the certification import legend states the required ISO INPUT format for the CSV, which must stay deterministic. Board chip tooltips (formatFull) keep the default for now. First cut wired only the Operators popover line, which was invisible in normal use — the board labels were added the same day after the maintainer showed nothing had changed on screen. The closed enum is EIGHT presets as of 0038: d_mon_yyyy, dmy_slash, mdy_slash, iso, dmy_dash_mon (03-Sep-2026), d_month_yyyy (3 September 2026), month_d_yyyy (September 3, 2026), ymd_slash (2026/09/03).","Solid, and the dateSeam.test.ts audit-for-synthetic-bypasses pattern is a clever test design worth reusing elsewhere (e.g. R-057's ui-scale-portal risk).",
R-310,The board's assignable operator pool follows the selected plant,covered,maintainer,"the maintainer, 3 Sept (in session)","A system admin who picks a plant on the board sees only that plant's operators in the left panel, not every operator in the company — the same result a site admin already gets from RLS on their read. The narrowing is on the OFFERED pool and on the CLIENT: `board_window` still returns the whole org on purpose (S18 / D113 — the read stays wide so a cross-plant assignment can still be DRAWN and an out-of-area person stays in the list, annotated, for placement with a reason), and `index.operatorById` keeps every operator so a chip always resolves its name. The cut is MEMBERSHIP in the scoped nodes: `board_window`'s `nodes` are exactly the selected root's subtree, so `index.nodeById.has(op.site_node_id)` is precisely ""belongs to this plant"". ⚠️ A first attempt resolved owner PATHS through `nodeById` and failed OPEN on an owner it could not find — but a different plant's owner is never in the scoped map, so every out-of-plant operator was kept (the bug it was meant to fix); membership is the correct, verified test. A server-side scope of `board_window` was also tried and backed out: it regresses exactly what S18 forbids (a cross-plant chip falling to ""unknown operator"").",yes,"vitest | src/test/scope.test.ts | cases XO1 (owner in a scoped node kept, another plant dropped), XO2 (an owner NOT in the scoped set is dropped, not fail-open — the exact bug the path version shipped), XO3 (a narrower scope keeps fewer), XO4 (order preserved)","Also verified in the running app (session 32 screenshots): as the company admin with Plant B selected the OPERATORS panel lists only Operator B1-B6. This is proven in the app AND in vitest deliberately — the earlier path-based helper passed its unit tests and still shipped the bug, because the scoped-map subtlety only shows against real data.","Solid, and XO2 explicitly names ""the exact bug the path version shipped"" — a good regression guard.",
R-311,"One chevron, drawn from a single icon module and audited",covered,maintainer,"the maintainer, 3 Sept (in session)","Every collapse/expand and directional control draws ONE chevron from `src/components/icons.tsx` (`Chevron`, a currentColor SVG sized in em), not a per-surface raw glyph — the maintainer noticed the chevron looked different on the board and the admin pages because four affordances each drew their own (`«`/`»` panel toggles, `▸`/`▾` tree carets, `◀`/`▶` day-nav). All were migrated. The standard is enforced: `iconStandard.test.ts` fails the build if a directional control glyph (« » ▸ ▾ ◀ ▶ ◄ ►) appears in any component outside the icon module. It is deliberately narrow — the breadcrumb separator › and the matrix status glyphs (▲ ↻ ✓ × ·) are a separate intentional set and are left alone. ⚠️ THE GLYPH WAS NOT ENOUGH. Unifying only the chevron left the two toggles still looking different, because their BUTTON chrome was two separate stylesheets (the admin rail borderless 0.875rem; the board panel a bordered 20px box on --ui-scale). `src/components/PanelToggle.tsx` (+ its module) now owns the button itself — chrome, the shared Chevron, and the collapsed→direction rule — and both left panels render it, each stylesheet keeping only its positioning. Verified matching in the running app (session 32).",yes,"vitest | src/test/iconStandard.test.ts | cases synthetic raw glyphs are flagged, the breadcrumb separator and status glyphs are not, comments are not read, the icon module is allowed its glyphs, and the real src tree draws every chevron through the module",Also verified in the running app (session 32): the admin rail toggle and the board OPERATORS toggle render as the same bordered chevron button once PanelToggle owns the chrome.,"Solid, reuses the good synthetic-glyph-audit pattern.",
R-312,The training matrix header groups by plant when the plants are roots,covered,maintainer,"the maintainer, 3 Sept (in session)","The training-matrix column header groups each training under its full plant→area→line ancestry, with every plant appearing once, its columns contiguous, and PLANTS ORDERED ALPHABETICALLY (the maintainer's call). In this schema a plant IS a root (`parentId` null) and there is no company node above the plants, so a matrix that spans plants has NO common ancestor. `buildColumns` therefore must NOT trim to a single common root: `lowestCommonAncestor` returns """" when nothing is shared (a sentinel in no chain, so no column's path is cut and each keeps its plant). The column sort orders ROOT nodes by name (plants read A, B, C, D, not by a root sortOrder nobody arranges), while areas/lines/cells keep their deliberate sortOrder — which is the admin's drag order and also avoids a raw name sort putting ""Line 10"" before ""Line 2"" — with a name tiebreak so a level never falls through to the training name. A single-plant (scoped) view still has a real common ancestor and trims to it. The reported break: with four plants the header split one plant across two places (the old `?? ownerIds[0]` fallback picked an arbitrary owner as the root) and floated an Area 2 column with no plant above it.",yes,"vitest | src/test/matrix.test.ts | cases plants are ROOTS with no company node — plants read alphabetically even against a higher root sortOrder, columns contiguous by plant, the plant band spans its columns, and an Area 2 training sits under its plant (plus the existing single-plant and two-plant-under-a-company-root cases, unchanged)",,Solid.,
R-313,"One shared pop-up shell, enforced, and the target unit no longer defaults to ""units""",covered,maintainer,"the maintainer, 3 Sept (in session, ""create a standard for pop ups so this does not happen ever again"")","Every pop-up in the app renders through ONE shell, `src/components/Popover.tsx` (portal, role=""dialog"", aria-modal, focus trap, Escape, outside-pointerdown close, `resolvePopoverPlacement`, self-measurement), and a build audit forbids any other. Before this there was no standard: three parallel floating-panel implementations — the board's `BoardPopover`, a line-for-line clone `AdminPopover`, and a hand-rolled `RecordPopover`/place-chooser that lacked a focus trap and Escape. `BoardPopover` and `AdminPopover` are now thin aliases of the shared shell (their duplicated CSS deleted; AdminPopover.module.css left REM_SURFACES in both scaleAudit copies), and the matrix record popover and the Operators place-chooser compose it. `popoverStandard.test.ts` fails the build if `role=""dialog""` appears outside the shared module — the shared-primitive-plus-audit pattern, as for icons and the date seam. The recurring ""units"" bug is fixed at its cause: the Target quantity+unit field was hand-duplicated in the create and edit popovers and both coerced `targetUnit || ""units""`, so a unit was written with no target. The field and its normaliser now live once in `TargetField.tsx` (`normalizeTarget`): no quantity means no unit (never the literal ""units""), a unit is kept only beside a quantity (trimmed, 8-capped, blank -> null), and ""units"" is only a placeholder. Pop-up dates honor R-309: `formatFull` takes the org date-format token, threaded from BoardPage into the create/edit/run popovers.",yes,"vitest | src/test/popoverStandard.test.ts | cases a synthetic role=""dialog"" outside the shared module is flagged, a component composing <Popover> is not, comments are not read, the shared module is allowed, and the real src tree has no role=""dialog"" outside src/components/Popover.tsx ;; vitest | src/test/targetField.test.ts | cases no quantity -> null unit (never ""units""); a unit is kept only with a quantity; a set quantity with a blank unit is null; quantity clamps to >=1 and the unit trims/caps to 8",,Solid.,
R-314,The unit-needs-a-quantity rule holds for old data and is enforced by the database,covered,maintainer,"the maintainer, 3 Sept (in session, ""a rule is a rule, be it new or old"")","R-313's client fix stopped NEW assignments getting a stray target_unit, but a code change only decides the next write — rows the old code already stored still carried a unit with no target_qty. The maintainer: ""a rule is a rule, be it new or old."" Migration 0039 makes it hold for every row and every future write: a BACKFILL nulls target_unit wherever target_qty is null, and a CHECK constraint (`target_unit IS NULL OR target_qty IS NOT NULL`) then refuses a unit without a quantity from ANY code path — old client, new client, an RPC, a hand-run UPDATE — so the invariant is a fact of the schema (the twin of target_qty's own `check(>0)`), not a convention the UI remembers. Data-transforming, so it carries an upgrade check over a pre-0039 database.",yes,"sql | supabase/tests/upgrade_0039_unit_needs_qty.sql | cases U39-0 (pre-0039 - no constraint, a dirty unit-without-qty row present), U39-1 (backfill nulled it), U39-2 (the CHECK refuses a new unit with no quantity), U39-3 (a unit WITH a quantity still saves)","Validated on a scratch DB built to 0038 (all four cases PASS) and applied to the dev DB — one dirty row backfilled to zero, a bad write refused. The canonical verify-db.sh db_checks recount (now +4) is owed on CI, as with the other data migrations; the baseline db_checks stays 522 until then.","Solid, and covers the important ""old data backfill"" case explicitly — a common blind spot elsewhere in this file.",
R-315,"A standard cycle time may be set per schedulable node per product, in seconds",covered,maintainer,"the maintainer, 3 Sept (in session, ""at each point in the lowest hierarchy where we actually do the assignment I want to assign a standard cycle time for each product which can be made in that hierarchy"") the maintainer, 3 Sept (in session, ""this should not be mandatory... give the user ability to enter cycle time in seconds/minutes/hours but as a standard store it in the database in seconds so it is consistent"")","Migration 0040 adds node_product_cycle_times (node_id, product_id, seconds_per_unit numeric check(>0)), the standard seconds of work per one unit at one place. WHERE it may live is enforced by app_guard_cycle_time_scope, not remembered by the UI: the node's OWN level must be the schedulable one (asked off the node, never ""the org's schedulable level"" — since 0014 that index is per template, so an org with two structures has two right answers), and the product must be offered there by app_product_offered_at_in_org, the same predicate the run and assignment guards ask, so a cycle time can never exist where the part could not be scheduled. It is OPTIONAL everywhere and no write consults it. ALWAYS SECONDS: the admin grid offers seconds/minutes/hours and converts before writing, and displayCycle only offers a larger unit when the conversion is EXACT, so re-saving an untouched row cannot round 100 s into 1.7 min and back into 102 s. Reading is RLS-scoped downward (app_can_read_node); writing needs an admin grant on an ancestor-or-self (app_is_admin_for) with the company-admin escape. Both FKs cascade — delete_node deletes the two other per-node tables BY NAME and cannot know about this one, so without the cascade deleting any cell ever measured would fail with a foreign-key error.",yes,"sql | supabase/tests/64_cycle_times_test.sql | cases C0 fixture, C1 saves and reads back at a cell, C2 refused one level up (not_schedulable), C3 refused for a part no plant offers here (not_offered_here), C4 zero and negative refused by CHECK (23514), C5 a plant admin writes their own cells and another plant's is 42501, C6 reading is scoped per plant, C7 an RLS-filtered UPDATE changes zero rows and raises nothing, C8 board_window emits cycle_times scoped to the caller, C9 a cross-tenant row is the composite FK's refusal (23503), C10 delete_node still works on a measured cell and deleting a product removes its cycle times ;; vitest | src/test/cycleTimes.test.ts | cases G5 blank/zero/negative/nonsense refused in every unit, G7 entry converts to seconds, G8 display picks the largest EXACT unit and never a lossy one, G8b a round trip through display and entry never changes the value ;; vitest | src/test/apiCycleTimeShape.test.ts | cases the read's column list and its parser are held against each other, so the two halves cannot drift and blank the grid silently","Applied to the dev DB and round-tripped there as the real company-admin persona through RLS, including the client's exact upsert path (create then replace). The canonical verify-db.sh db_checks recount (+11) is owed on CI, as with the other new test files; the baseline db_checks stays 522 until then.","Solid and thorough (ten sql cases), and case C7's ""RLS-filtered UPDATE changes zero rows silently"" is exactly the pattern the codebase has documented as a repeat mistake.",
R-316,An assignment with no typed target shows what its cell's cycle time implies,covered,maintainer,"the maintainer, 3 Sept (in session, ""how much product can be made based on (how much time a person is assigned - breaks) / standard cycle time. This will become the default target for that assignment. This however can be overwritten by the already present mechanism"") the maintainer, 3 Sept (in session, ""when no cycle time are defined, the target for the assignment is null"")","An assignment carrying no explicit target_qty displays a DERIVED default: the minutes it covers, less the breaks of the shift pattern its cell resolves to, scaled by its efficiency, over the cell's seconds per unit. Whole units once one is achievable, one decimal below that — a 12 h cycle in an 8 h shift reads 0.7 rather than flooring to 0, because reporting nothing would read as impossible rather than as progress. NOTHING IS STORED: the value is recomputed on render, so a drag, a resize, a break edit or a re-pointed shift pattern is already right, and target_qty keeps its exact meaning as the human's override (R-031, R-313). No cycle time yields null, never zero, and the chip reads ""target: NA"" exactly as before. The derived value carries NO unit — units belong only beside a typed quantity, and inventing one would put back the bug R-313/R-314 exist to prevent. The two block shapes and both popovers share one reading and one computation, so a chip and the form that edits it cannot disagree.",yes,"vitest | src/test/standardTarget.test.ts | cases T1-T5 net minutes are the assigned time less the breaks inside it, T6-T10 optional cycle time and per-day break tiling (T9/T9b a block before the window and a late overnight break — the cases breakInstances cannot answer because it clips to the window), T11 overlapping breaks merge instead of double-subtracting, T12 the lookup, T13-T16 a part slower than the shift shows 0.7 not 0 and a tiny fraction never rounds to nothing, T17 the shared reading (typed target wins with its unit, a derived one is marked ""(standard)"" and never borrows a unit, neither still reads NA) ;; vitest | src/test/boardIndex.test.ts | cases B-CT1 a direct assignment is measured by its own product at its own cell, B-CT2 a run-attached chip takes the run's product, B-CT3 an explicit target does not disturb the derived one, B-CT4 no cycle time means no derived target, B-CT5 another cell's cycle time is never borrowed ;; vitest | src/test/shapes.test.ts | cases cycle_times parses to camelCase, a non-numeric seconds_per_unit is rejected, a payload missing the key entirely is rejected (loud beats silently empty), an empty list is accepted ;; vitest | src/test/targetFieldHint.test.tsx | cases the hint calls the number a TARGET from the cycle time and never ""Standard for this cell"" (F-077), it says leaving the box blank is what uses it, the number is the placeholder and never a filled-in value, with no cycle time there is no hint and no placeholder number","Qualifies R-031 (""unset renders NA"" becomes ""unset renders the standard, else NA"") and narrows R-042: breaks are now subtracted from the DERIVED default. They still do not block assignments and are still not subtracted from capacity, so R-042 holds everywhere else.","Solid, comprehensive edge-case coverage.",
R-317,"The level above shows the sum of the cells below, and it never derives a target",covered,maintainer,"the maintainer, 3 Sept (in session, ""my thinking is for the same product the standard time at a hierarchy 1 level above is the summation of standard cycle time in the level below"")","A line or plant row in the cycle-times grid shows the SUM of the measured cells at or below it for that part, computed on read and rendered as standard time per unit. That is the right reading as LABOUR CONTENT: two cells at 60 s and 90 s put 150 s of work into each unit. It is NOT the line's output rate — sequential stations ship a unit every 90 s and parallel ones every 36 s, neither of which is 150 — so the sum is display only and is never fed to the derived target, which always reads the cell's own number (R-316). Cells with no number contribute nothing rather than a zero (unmeasured work is unknown, not free) and the row reports how many contributed. Ancestry is the label-wise isAtOrBelow, so Line 10's cells never roll up into Line 1's total.",yes,"vitest | src/test/cycleTimes.test.ts | cases G2 a line shows the sum of its cells, G3 an unmeasured cell contributes nothing and the row says how many did, G4/G4b a part attached to one line is editable there only and a line is never typed into, G6 Line 10 is not inside Line 1 (a prefix test would merge them), G9 a summed row formats in the same friendly units, G10 the plant filter and the measured count ;; vitest | src/test/cycleTimesPanel.test.tsx | cases the row half of the same clause, which had no test at all (DEF-0004): a place that does not make the part shows a dash named 'not made here', a line that makes it with nothing timed says '0 of 2 measured' in words rather than the same dash, the three states are three different accessible names, a partial sum is named as a count rather than as a fraction, a fully measured line shows the total alone, and the not-added row carries its counts in its name too","⚠️ QUALIFIED BY R-319, and the maintainer's objection was sharper than the caveat written here. This row said a sum is right as LABOUR CONTENT even though it is not an output rate. That is true only where a unit passes through every child. For two parallel lines a unit goes down one or the other, so the sum is not labour content either — it describes nothing. A node now chooses, and the default only adds up where the children are the schedulable level. Everything else in this row still holds: where a row does add up, the number is labour content per unit, it is computed on read, and it never derives a target.","Solid, and explicitly fixes a named defect (DEF-0004).",
R-319,A node chooses whether it adds up its children's cycle times,covered,maintainer,"the maintainer, 3 Sept (in session, ""if two lines are working the same products but are parallel jobs, then adding them to the higher hierarchy does not make sense and is wrong... Some lines could be in continution of one another and some could be parallel to one another"") the maintainer, 3 Sept (in session, ""I want to be able to choose to add or not to add"")","R-317's roll-up added every measured place below a row, on the reading that a sum is the LABOUR CONTENT of one unit. That reading holds only where a unit passes through EVERY child. Two cells in a line are sequential stations, so a unit really does cost 60 s + 90 s; two lines under an area are ALTERNATIVE ROUTES, and no unit ever costs both, so adding them produced a number describing nothing — not a rate and not labour content either. Migration 0041 adds `nodes.sums_children boolean`, NULLABLE: true adds the places below up, false does not, and NULL means nobody has said. An unset node RESOLVES on read (`resolveSumsChildren`) rather than the column guessing: true only for a node whose own children are the schedulable level — a line over its cells, the one place summing is reliably right — and false for anything higher. Asked of a node's actual children, not of level positions, so an unevenly shaped tree answers by fact. A row that adds up totals every measured place BELOW it rather than composing its children's values, so one level declining cannot blank a row two levels up. A row that does not says ""not added"" with the counts behind it, never a bare dash. Display only: no target, capacity or write reads it (R-316 takes the cell's own cycle time), so a wrong setting misleads a reader and corrupts nothing. NOT a routing model — it cannot express one line feeding another while a third runs independently; that needs real routing data and stays the Phase 3 queue item. Editing it is a plain `nodes` UPDATE under the existing `nodes_update` policy, the same authority that renames a node.",yes,"sql | supabase/tests/64_cycle_times_test.sql | cases C11 a plant admin sets sums_children on their own line and it reads back, C12 the other plant's admin changes zero rows and raises nothing (the silent no-op, so nodes_update really does cover the new column), C13 the column starts unset so ""nobody has said"" stays distinguishable from ""chosen false"" ;; vitest | src/test/cycleTimes.test.ts | cases G2 a line adds its cells and the plant above does not, G11a the resolved defaults per level, G11b the default is asked of a node's own children not its depth, G11c turning it on makes an area add its lines, G11d turning it off stops a line adding its cells, G11e a stored false is a choice and never collapses into unset, G11f a row with nothing measurable below stays ""na"", G11g resolveSumsChildren falsifiable on its own, G11h a row that adds up totals every place below rather than composing its children","Driven in the browser as the company admin: lines defaulted to adding up and showed 30 min / 45 min / 15 min from their cells, the areas above them read ""not added"", and ticking Plant A turned it into 1.5 h over all six cells. The default was mine to choose — the maintainer left it — and it is stated plainly because it is a guess about plant shape, not a fact: cells within a line are almost always sequential, lines within an area almost never are. Every node is one click from the other answer.","Solid, and case C12 (""other plant's admin changes zero rows silently"") is another instance of the documented RLS-zero-rows pattern, well tested here.",
R-320,"The settings tab is one row per setting, not a screenful per setting",covered,maintainer,"the maintainer, 3 Sept (in session, ""the date format should be a dropdown option, any objections? I think we're going to fill up the settings tab with more options and this could get crowded"")","Settings shipped with the eight date formats as eight radio rows -- most of a pane spent on one preference, so the second setting to land would have been pushed below the first one's options. A setting is now ONE ROW: its name and hint on the left, one control on the right, and the next setting is another row rather than another screenful. The date format picks with a `<select>`, which is the right control for a closed enum of eight; a toggle or a number would sit in the same slot. THE SAMPLES CAME WITH IT -- the radio list showed a live sample of today's date beside every format, which is how a person picks one (by what they will actually see, not by a token's name), so each option reads ""Day/Month/Year -- 03/09/2026"" and the closed control therefore shows the sample for the current choice. The picker is the SHARED field (`Field.module.css`, R-318), not another copy of the skin, so this stylesheet came off that audit's legacy list in the same commit -- the list may only shrink, and this is the first entry to leave it. A site admin still SEES the setting, disabled with the reason in words, and the client refuses the write itself rather than leaning on `disabled` alone; the RPC (`set_org_date_format`, 0037) refuses them regardless.",yes,"vitest | src/test/settingsPanel.test.tsx | cases the eight formats are one dropdown and no radio rows survive, every option carries that format's rendering of TODAY (computed through the real seam, so the suite cannot rot when the month turns), the control shows the org's stored format, choosing one saves that token, the picker disables while the write is in flight, a refused write is shown rather than left looking saved, a site admin gets the picker disabled with the reason and a change event reaching it writes nothing ;; vitest | src/test/fieldStandard.test.ts | cases SettingsPanel.module.css is off the legacy list and the audit now holds it to the shared field",,"Solid, and computing TODAY through the real seam so the suite ""cannot rot when the month turns"" is a thoughtful test-design detail.",
R-318,"One shared editable box, enforced — a field looks and behaves the same everywhere",covered,maintainer,"the maintainer, 3 Sept (in session, on the cycle-times grid, ""does this save button and font seem like it is different than what we're using for the rest of the app... instead of showing dashes, what if show editable boxes... if I open a box to enter a value and don't want to enter it anymore, there is no way to close the box... we should make the editable boxes a standard for the app"")","The cycle-times grid shipped with browser-default controls because the app's field look was never in one place: the same block (1px --axis border, 0.375rem radius, --page background, 0.8125rem) was hand-copied into eleven admin stylesheets, so a twelfth screen had nothing to import and silently got the user agent's own. This is R-313's shape one layer down — there it was the pop-up SHELL, here it is the field inside it. The fix is the same: ONE shared module. `src/components/Field.module.css` is now the single definition of the box, the select and the button, and `src/components/InlineEdit.tsx` is the single edit-in-place behaviour — a resting box that LOOKS editable rather than a dash (so an empty cell reads as somewhere to type, not as missing data), and an open editor that can always be left without saving, by a visible Cancel as well as Escape. Every editable cell keeps the same box geometry as its neighbours, so a row of them does not appear indented against the read-only cells beside it. An audit stops a thirteenth hand-rolled field: the stylesheets that predate the standard are listed as legacy, and a file not on that list which declares its own field border is a build failure.",yes,"vitest | src/test/fieldStandard.test.ts | cases a synthetic stylesheet hand-rolling a field border outside the shared module is flagged, the legacy list is exactly the stylesheets that predate the standard, a file added to the admin tree without using the shared module fails, the shared module defines the box exactly once ;; vitest | src/test/inlineEdit.test.tsx | cases an empty cell renders a box and not a dash, a filled one shows its value, the box opens with the NUMBER only where the resting text carries a unit, Cancel is visible and closes without saving, Escape does the same, Save and Enter commit the typed value, an emptied box saves the empty string (clearing is a real act), a disabled cell offers no editor, onOpen fires so an adornment can be seeded, an error shows in both states","⚠️ THE AUDIT FOUND THE PROBLEM IS BIGGER THAN THE REPORT. The maintainer named one screen and the eleven admin stylesheets were the obvious suspects; running the matcher over the whole tree turned up fourteen more, in the board, the shell and the auth screens. THIRTY files hand-declare the same control skin. All thirty are named in the audit's legacy list, which may only ever shrink — so the debt is written down and bounded instead of growing quietly. The standard is established and the new screen adopts it; migrating the other thirty is queued, not done. Driven in a real browser as the company admin (dev sign-in): sixty editable cells, Save and Cancel both visible, 90 seconds saved and read back as ""1.5 min"", the roll-up rows showing the partial count, and the measured line moving from 0 to 1 of 22. Two things that only the screenshot could show were fixed there: the open editor was stretching its column so the whole grid reflowed on a click, and the summed rows were three times the height of the rows they total.","Solid, audit-style test plus a thorough interaction suite.",
R-324,No run carries a status either — and the overlap rule stops making an exception for one,covered,maintainer,"the maintainer, 4 Sept (in session, after the assignments half landed and the run half was explained and queued, ""Let's go ahead and remove it from runs as well"")","`runs.status` is gone. It was write-once 'planned' — nothing in the product has ever advanced a run to active, done or cancelled, which migration 0029 recorded as fact and worked around by using the clock — and runs have always been hard-deleted, so 'cancelled' was a state no run could reach. ⚠️ THE REASON THIS WAS SPLIT OFF FROM R-323 IS `runs_no_overlap_on_node`, the rule that stops two runs sharing a cell and a window. It is not a function that can be edited: it is a constraint on the table, and its definition carries `where (status <> 'cancelled')`. Removing the column means DROPPING that constraint and adding it back without the exception — the protection is off in between, and a replacement written even slightly wrong is silently weaker rather than loudly broken. So the new constraint is asserted from the outside afterwards: an overlapping run must be REFUSED, on the same cell, including the case that used to be the exception. ⚠️ AND THE EXCEPTION IS NOW A REAL REFUSAL. `10_constraints_test.sql` case 7c asserted that ""an overlapping run with status=cancelled is accepted"". That was true and is now impossible to express; the case is inverted rather than deleted, because the change of contract is the point. Any cancelled run is deleted before the constraint is rebuilt, with its assignments first — not housekeeping but a precondition, since an unconditional exclusion constraint cannot be created at all over rows that violate it, and a cancelled run overlapping a live one is exactly the shape the old exception permitted.",yes,"sql | supabase/tests/67_no_run_status_test.sql | cases X1 the column is gone and the constraint is no longer partial; X2 an overlapping run on the same cell is REFUSED; X3 the case that used to be ALLOWED (the cancelled-run exemption) is refused now, which is the whole change; X4 the same window on another cell is still accepted and X5 an adjacent window on the same cell is still accepted, because a rule that refused everything would pass X2 and X3 and be worse than the one it replaced; X6 create_run and move_run work with no status to write, and neither payload carries the key ;; sql | supabase/tests/10_constraints_test.sql | cases case 7c, INVERTED: it asserted that an overlapping run with status=cancelled is accepted, which was true until 0044 and is now impossible to even express ;; vitest | src/test/boardIndex.test.ts | cases every run in the window reaches a map — the positive form of the deleted case 17, since 'nothing is filtered' cannot be seen by removing an assertion",,"Solid, and the inverted case (X3, an old-allowed behavior now refused) is exactly the discipline of reading old green cases before trusting a fix.",
R-323,Deleting an assignment deletes it — assignments carry no status at all,covered,maintainer,"the maintainer, 4 Sept (in session, ""why do we need this in runs or assignments? We removed the option to assign status, what am I missing here?"" and, on being offered gone versus kept-and-hidden, ""I want it gone"")","Deleting an assignment removes the row. There is no `status` column on `assignments` and no soft delete: the same act that already removes a run's assignments when the run is deleted is now what the Delete button on a single assignment does. The audit log keeps the record — a trigger has written actor, action and the whole before/after row for `assignments` since migration 0007, and it is live (52 inserts, 5 updates, 12 deletes in the maintainer's own database), so ""who removed this and when"" was never what the status column answered. ⚠️ WHY THIS IS A DELETION AND NOT A RENAME. R-322 removed the picker that set planned / active / done and narrowed the write type to the literal ""cancelled"", which left one bit — live or gone — spelled as a word in a text column. Two things then made the column indefensible rather than merely redundant. The same table already deleted BOTH ways: `delete_run` hard-deletes a run's assignments while the assignment's own Delete marked them cancelled, so one concept had two behaviours depending on which button you pressed. And migration 0029 had already written down that the status vocabulary cannot be trusted — ""nothing in the product ever advances it: every run this system has created is still 'planned', including the ones that finished last week"" — and deliberately used the clock instead. The column was being routed around rather than used. ⚠️ THE DANGEROUS PART IS THE PREDICATES, NOT THE COLUMN. Four functions filtered on it and must be redefined from their LAST definitions before it can be dropped: `operator_peak_load` and `capacity_probe` (an operator's load must not count a cancelled row), `check_operator_capacity` (which returned early for a cancelled row), and `move_run` (a run's crew). With no cancellable row left, each clause is trivially true and goes; what must be proved is that the two guards still refuse what they refused before — a double-booked operator and an overlapping run — because those are the two rules that stop a person or a cell being committed twice. ⚠️ `runs.status` IS OUT OF SCOPE HERE AND STAYS, deliberately. Runs are already hard-deleted, so their status is write-once 'planned' and its only reader is an exclusion constraint clause that can never fire. Removing it means dropping and recreating that constraint, which is the one piece of this that touches a correctness invariant nobody asked about; it is queued, not smuggled in.",yes,"sql | supabase/tests/66_no_assignment_status_test.sql | cases X1 the column and the trigger clause that named it are both gone; X2 the capacity guard still REFUSES a second full booking of the same operator in the same window; X3 the overlap rule still refuses a second run on the same cell; X4 a delete removes the row AND the audit log records it with its actor; X5 an RLS-filtered delete outside a supervisor's grant removes zero rows and raises nothing, which is why the client checks ROW_COUNT; X6 deleting a run still takes its assignments, the behaviour this one now matches ;; vitest | src/test/dragGesture.test.ts | cases R-322/R-323: saving an assignment sends no status, and Delete calls deleteAssignment rather than writing a field edit ;; vitest | src/test/boardIndex.test.ts | cases a cancelled RUN is still excluded from every map; and every assignment in the window now reaches a map — asserted positively, because 'nothing is filtered' cannot be seen by deleting an assertion",,"Solid, and X5's RLS-zero-rows case again matches the documented pattern explicitly.",
R-322,An assignment has no progress label — only the soft delete that actually does something,covered,maintainer,"the maintainer, 4 Sept (in session, ""No one is going to use the status option to change it to active in practice, it is added work with no returns, the supervisor will be like I'll just delete the assignment or modify it if there is a change. It doesn't serve a purpose plus there is nothing making it mandatory for a supervisor to do"")","The assignment pop-up offers no status control. It used to offer planned / active / done, and this file's own header had already flagged it as ""a brief-only addition — neither `openChipPop` nor `openDirectPop` has a status control in the mockup"". Nothing read the value: no rule fired on it, no screen displayed it, and nothing obliged a supervisor to set it. A field that is optional, invisible and consequence-free does not stay accurate — it sits at ""planned"" on work that finished last week — and a label nobody maintains is worse than no label, because a reader takes it for fact. ⚠️ `cancelled` IS UNTOUCHED AND IS NOT A LABEL. It is the soft delete: it frees the cell's slot past `runs_no_overlap_on_node`, returns the operator's hours to the capacity guard, and drops the row from every board map (`boardIndex.ts` rule 17) while keeping it in history for the deleted-product path. It is written by Delete, was never offered in the picker, and reaches the database through the same `AssignmentFieldEdit.status` field — which is now typed as the literal `""cancelled""` rather than `string`, so a progress label cannot be typed back in without failing to compile. The COLUMN stays as it is, with its default and its four permitted values, because history holds rows that carry them and the runs table uses the same vocabulary. What is removed is the control, the save path that carried it, and the open string type that invited it back. A future ""the job actually started"" is a shop-floor feedback problem — a scan, a line signal — not a dropdown a supervisor is trusted to remember, and it would be designed then.",yes,"vitest | src/test/dragGesture.test.ts | cases R-322: saving an assignment sends no status at all, and Delete still writes cancelled — the half tsc cannot see, since the type stops a status being TYPED but says nothing about whether the save path still SENDS one",,"Adequate but thin: a single vitest case for a fairly broad claim (""no progress label at all"") — the claim's own reasoning for why one case suffices is credible, but this is the thinnest evidence in the whole recent cluster.",
R-321,"A signed-out visitor is sent to the sign-in screen, and the smoke test pins the app as it is",covered,agent,P1-6b §19.38,"P1-6b wraps the whole shell in RequireAuth (`src/routes.tsx`, `src/features/auth/RequireAuth.tsx`): a signed-out visitor to any route other than `/sign-in` is redirected to `/sign-in`, so the signed-out Board shell the smoke test was rewritten around no longer exists. The committed e2e smoke test (`e2e/smoke.spec.ts`) must therefore pin the app as it is — the sign-in redirect — and `npm run e2e` must be green on `main`, because `.github/workflows/ci.yml` now runs it on every push to `main`/`Development` and every pull request.",yes,"e2e | e2e/smoke.spec.ts | cases the gate sends / to the sign-in screen and the real form is there, the sign-in screen carries no shell so neither a Board nor an Admin link exists to follow, /admin redirects instead of rendering D97's refusal (which asserts the ORDER of the two gates), the redirect param carries pathname AND search so a deep link's section is not lost, an unknown route is gated rather than 404'd to a visitor who has not identified themselves","⚠️ FIX CLAIMED, NOT VERIFIED (DEF-0001, fix 3e6e2ed). Run five-for-five against a dummy-backend server on its own port — the defect's own reproduction — and `npm run e2e` is green. ⚠️ AND HALF OF THIS ROW IS STILL UNREACHABLE HERE, said plainly rather than faked. Following the redirect after a successful sign-in, and D97's refusal for a signed-in NON-admin, both need a session, and the smoke run has no backend to hold one. The open-redirect guard and the four-way decision table are covered in unit form (`src/test/authFlow.test.ts` R1–R10, D1–D4), and the admin guard's own rendering is covered by `src/test/requireAdmin.test.tsx` — written for this gap. What no committed test reaches is the two of them WIRED to a real session; that wants a seeded backend in CI, and is recorded, not half-built. ⚠️ FILED BY THE TESTER AS R-304 AND RENUMBERED ON MERGE. The tester's branch was cut before Development reached R-304, so both sides wrote that id for different requirements; Development's R-304 (the matrix remembering its window and scope) keeps it and this one moved to R-321. `docs/defects/DEF-0001.md` follows the id here, which is the only edit made to that file.","Solid, and the gate-order assertion (redirect checked before admin refusal) is a subtle, valuable pin.",
R-347,"A forgotten password is reset by an email link, and the request leaks nothing",covered,maintainer,"queue item ""P1-6d password reset and change-password"" session 84 conversation","A person who has forgotten their password can request a reset from the sign-in screen: a ""Forgot your password?"" link opens `/forgot-password`, which takes an email and asks Supabase for the reset email, and shows the SAME neutral sentence (""If that address has an account, a reset link is on its way."") whether or not the address has an account, because ""no account with that email"" is a leak. The link in the email lands on `/reset-password`, which sits OUTSIDE the route gate beside `/sign-in`, waits for the recovery session, and takes a new password twice; after that the person is signed in and sent to the board. An expired or already-used link lands on a terminal ""request a new one"" screen, never a blank form. Every failure is a described sentence (`describePasswordError`), never a raw provider string. Nothing new reads `?redirect=`. ⭐ AND THE RESET SCREEN IS REACHED WHEREVER THE TOKENS LAND (F-106). A reset link's tokens make a full session the moment they are read, and the auth server drops them on `/` whenever the app's origin is not the project's site_url. The session remembers the PASSWORD_RECOVERY event (`useSession().recovery`), seeded from the landing URL's own recovery fragment and remembered for the tab so a reload keeps it, and the route gate sends a recovery session to `/reset-password` before the board and before the no-access dead-end, until the password is set or the person signs out. Re-entering the current password is refused with its own sentence.",yes,"vitest | src/test/passwordFlow.test.ts | cases P1-P6 the two-field validation; M1-M5 the recovery state machine, a bad link ends failed and never on a blank form; H1-H4 parseRecoveryHash; E1-E6 describePasswordError, every branch, the current password re-entered being its own sentence; R1-R6 attemptReset, the neutral ok on success and on an unknown address alike, network and rate-limit failures described ;; vitest | src/test/passwordPages.test.tsx | cases F1-F3 the forgot screen shows the neutral sentence on success and on ""user not found"" alike, a rate limit shows a described error; R1-R4 the reset screen shows no form until the recovery session exists, appears on PASSWORD_RECOVERY, lands on the failed screen for a bad link, goes to the board on success ;; vitest | src/test/authFlow.test.ts | cases D5 a recovery session outranks app and no-access; D6 the flag changes nothing while loading or signed out, and absent reads as no ;; vitest | src/test/recoveryGate.test.tsx | cases G1 with the flag up, landing on / goes to the reset screen; G2 with no profile the reset screen still comes before the dead-end; G3-G4 with the flag down the board and the dead-end are unchanged ;; vitest | src/test/session.test.ts | cases P1-P4 nextRecoveryFlag: PASSWORD_RECOVERY raises it, USER_UPDATED and SIGNED_OUT clear it, a token refresh or sign-in leaves it alone; P5-P7 initialRecoveryFlag: the landing hash seeds it, any other hash does not, and the tab's memory outranks the hash ;; vitest | src/test/sessionProvider.test.tsx | cases S9 the provider raises `recovery` on PASSWORD_RECOVERY and clears it on USER_UPDATED with no reset and no loading; S10 the landing hash seeds it before any event and it is written down for the tab; S11 the tab's memory keeps it across a mount and USER_UPDATED forgets it ;; e2e | e2e/passwordReset.spec.ts | cases ""a forgotten password is reset by email and the new one works"" (a throwaway account, the emailed token exchanged live, the new password set on /reset-password and then used to sign in); ""a recovery session dropped on the board's URL is sent to the reset screen"" (the tokens landed on /, the gate sends them to /reset-password, the password is set and the gate lets them through) ;; e2e | e2e/smoke.spec.ts | cases /forgot-password and /reset-password render without the shell and do not redirect to sign-in",,"Solid — seven test files across kinds including a live-email e2e run, one of the best-proven requirements in the file.",
R-348,A signed-in person changes their own password and stays signed in,covered,maintainer,"queue item ""P1-6d password reset and change-password"" session 84 conversation","A signed-in person changes their own password from `/change-password`, reached from a link in the shell's header next to Sign out. It takes a new password twice, shows a sentence on success, and leaves them signed in and where they were: no navigation, so the session is untouched. A mismatch or a too-short password is refused before any round trip; a provider error is a described sentence, never a raw string. Walked as Vina, the Plant C viewer, the least-privileged demo person, with her password put back afterwards.",yes,"vitest | src/test/passwordFlow.test.ts | cases C1-C5 attemptChange: success, a short password and a mismatch short-circuit without touching the network, a provider error and a thrown network error are described ;; vitest | src/test/passwordPages.test.tsx | cases A2/A3 both fields render with autoComplete=new-password; C1 a successful change shows the sentence and does NOT navigate; C2 a mismatch is refused before the network; C3 a provider error is shown as a sentence ;; e2e | e2e/passwordReset.spec.ts | cases ""a signed-in viewer changes her own password and stays signed in"", driven as Vina; the success sentence shows, the URL stays on /change-password with Sign out present, and devpassword is restored in a finally",,Solid.,
R-349,"The app resolves who is signed in once, at the root, and every screen reads that one answer",covered,agent,"[object Object] the finding ""The first browser test that ever signed in failed on its first full run"" (R-337)","Who is signed in is resolved ONCE, by a single `SessionProvider` mounted at the root of the app (inside the query client, outside the router): one getSession round trip, one user_profiles read, one app_is_admin_anywhere RPC, one auth listener, one `loading` and one `profile`. `useSession()` keeps its signature and return type but reads that single object from context, so every one of its thirty-odd call sites shares the same answer and no two copies can disagree about who you are, which was the R-337 flicker. Calling it outside the provider throws, naming the provider. The identity term (`lastUserId`) stays module-scoped and a token refresh still resets nothing; a genuine identity change still resets the query cache exactly once. The AdminPage guard (R-337) is unchanged and correct with or without the provider. INITIAL_SESSION, which supabase-js fires from its own start-up before getSession resolves, is not a change: the reviewer counted the profile read twice on a hard reload before that line existed, and once after.",yes,"vitest | src/test/sessionProvider.test.tsx | cases S1 loading starts true; S2 a signed-out initial load clears loading with no profile and no RPC; S3 a signed-in load reads the profile and calls the RPC once; S4 a token refresh resets, spins and refetches nothing; S5 an identity change resets the cache exactly once; S6 a failed profile read gives null and never calls the RPC; S7 useSession() outside the provider throws naming it; S8 five consumers share exactly one getSession, one subscription, one profile read and one RPC; S12 INITIAL_SESSION arriving before getSession resolves does not read the profile twice ;; e2e | e2e/signedIn.spec.ts | cases the three signed-in rail cases, which failed intermittently under load before one session existed and pass warm run after run after it, six in a row measured ;; e2e | e2e/roleWalk.spec.ts | cases every demo person signs in and gets a board with no alert; a supervisor's board matches the admin above them, now read from the single session",,"Solid, and S12's INITIAL_SESSION race case is a good specific regression guard tied to the R-337/D91 lesson.",
R-350,"Every drag on the board and in the admin tree works under a finger, and a finger on a scrollable surface scrolls",covered,maintainer,"queue item ""touch acceptance pass on both drags"" session 84 conversation session 85 conversation","Driven with real touch input (Chromium's Input.dispatchTouchEvent on a tablet profile with hasTouch, as a second Playwright project named `touch`), every pointer-event drag behaves under a finger. On the board: create on empty track, move a block, and the roster-chip drag from the panel onto a track; the pop-up moves by its title bar and a tap on a control inside it still works. A viewer's finger starts no board drag and creates nothing, and does not scroll the board either. In the admin tree and the level list, on touch ONLY the grip drags (`rowIsDragSource` refuses ""touch""), so the row body stays for scrolling. A block and a track carry `touch-action: none`, so a finger on them drags rather than scrolls; the board's own touch-scroll surface is the sticky rail and the grid margins. ⭐ DECIDED BY THE MAINTAINER, 7 Sept, from three options put side by side (create as the mouse does; scroll with create behind a long-press; scroll with create only by keyboard or a control): a finger on EMPTY track CREATES, it does not scroll, because that matches the mouse exactly and keeps the board's main gesture reachable by touch. The cost, accepted: on a tablet the board is panned from the sticky rail column. No work followed; the spec already pins this answer.",yes,"e2e | e2e/touch.spec.ts | cases T1 create on empty track, not scroll; T2 a block move is a drag, not a scroll, scrollLeft unchanged; T3 the roster-chip drag onto a track; T4 the pop-up's title-bar drag and a tap through to a button inside; T5 a viewer's finger is refused on a block and on empty track and scrolls nothing; T6 the tree row body does not reorder on touch; T7 the tree grip drags on touch; T8 the level-list grip drags on touch",,Solid and notably rigorous — a dedicated Playwright touch project with real dispatched touch events rather than simulated ones.,
R-356,"A named template is a whole week, jobs and people, saved relative to Monday and applied through Copy Week",covered,maintainer,"session 85 conversation queue item ""Named templates (relative-time placements)""","The maintainer, 7 Sept, from three options put side by side (a whole week with its people; jobs only; a daily pattern per line): a template is a NAMED COPY OF ONE WEEK'S RUNS WITH THEIR ASSIGNMENTS, stored relative to that week's Monday, belonging to the plant it was saved from. Saving one is ""Save this week as a template"" from the board; applying one is Copy Week with the template as the source instead of another week, so every clash rule, the preview, and the choose-per-clash flow apply unchanged, and nothing is written that Copy Week would not write. A template is listed, renamed and deleted by the plant's admins; a supervisor can apply one to a week they can place on and cannot delete one. ⭐ LANDED IN SESSION 85 as migration 0067 (not 0065: lane D's 0066 re-emits copy_week_plan, and a template-aware re-emission must run after it, built from the live definition). ""Copy week"" gains a source picker, another week or a template; ""Save this week as a template"" and ""Apply a template"" sit beside it, offered to anyone who can place in the plant, while Copy Week from a week stays admin-only as S35 decided. The board opens a supervisor at the top of HER forest, a line below the plant, so the template paths resolve the plant upward as a definer (`app_plant_root_of`), the F-110 lesson.",yes,"sql | supabase/tests/89_week_templates_test.sql | cases TP0-TP6 with TP-EQ, TP-ON and TP-APPLY: save then list; a duplicate name refused case-insensitively; a supervisor who can place may save from and apply to a week and may not delete (TP3), and one whose board root is a line below the plant resolves to the plant, saves only the rows she can read, and applies (TP6); a viewer refused at save, apply, rename and delete (TP4); a plan from a template equals a plan from the week it was saved from, item for item, on the same target (TP-EQ); an overnight item crosses the day boundary with end_min past 1440 (TP-ON); apply-from-template writes exactly what Copy Week writes, rows compared in relative time (TP-APPLY); execute granted to authenticated and revoked from anon and public on the writers (TP5) ;; vitest | src/test/weekTemplates.test.ts | cases save, list, rename and delete parse from one column constant and surface a refusal; the template source is threaded through copy_week_plan and apply_copy_week with a null source; the counts sentence names the template as the source ;; vitest | src/test/copyWeekDialogTemplate.test.tsx | cases the source picker, another week or a template, and the same preview path with a template id; a supervisor gets only the template source; Copy week is admin-only while Apply a template and Save are offered to a placing supervisor and to no viewer ;; e2e | e2e/weekTemplates.spec.ts | cases an admin saves this week and applies it through Copy Week onto a scratch week, then deletes it in the admin Templates tab; a supervisor is offered Save and Apply a template, template source only, and never Copy week; a viewer is offered none",,"Solid, thorough role coverage across supervisor/viewer/admin.",
R-357,"An absence is recorded in the app or imported by file, and the board and Copy Week treat it as a clash",covered,maintainer,"session 85 conversation queue item ""PTO/absence source decision + conflict surfacing""","The maintainer, 7 Sept, from three options put side by side (entered in the app; CSV import; both): BOTH. An absence is a person, a date range and a reason, recorded on an Absences tab in admin by a supervisor or admin of the person's place, and also imported by file through the existing import pipeline in the same shape as operators and trainings. On the board and in Copy Week an assignment that overlaps a person's absence is a clash of its own kind, decided by the same server function that decides eligibility and surfaced the way an expired certificate is (R-338): the screen shows it before the save, the server refuses or warns under the plant's existing warn-or-block policy, and the client's picture of it is the same predicate the server runs. ⭐ THE SERVER AND ADMIN HALVES LANDED IN SESSION 85 (migration 0066: the table, the writers gated on the person's home, the definer predicate `absence_overlap`, and `create_assignment`, `move_run`, `reassign_assignment` and `copy_week_plan` consulting it beside eligibility; the Absences tab and the CSV importer; `absenceGaps` as the client mirror). THE BOARD'S OWN SURFACING LANDED THE SAME SESSION: an ""on leave"" mark on the operator panel for anyone away over the shown window, the leave named on a line in the create and reassign pop-ups before the save (a warning under warn, Create disabled in place under block, the R-338 shape), and a sentence for the `absent` refusal. The board reads absences with a second query rather than a re-emitted board_window, on the evidence that `absences_select` and `operators_select` gate on the same predicate, so the set of people with absences shown is exactly the set of people drawn; nothing is resolved upward, so no definer is needed. Two edges left named for the queue: the warn-path warnings after a successful crew drag (`absence_warnings`) are parsed but not yet shown in the drag toast, and the Copy Week dialog's `absent` clash sentence belongs to the templates lane.",yes,"sql | supabase/tests/88_absences_test.sql | cases AB0-AB14 (19 with the b cases): the exclusion constraint; a supervisor of the person's place may record and one of another place may not (AB2-AB4); remove gated the same way (AB5); a viewer reads and cannot write and a direct INSERT is refused (AB6-AB7); the absence_overlap boundary both ways, an absence ending on the shift's start day clashes and a shift ending at midnight on the absence's start day does not (AB8, AB8b); an assignment over an absence refused under block and warned under warn for create, move, reassign and the copy plan (AB9-AB12); the definer predicate answers for a supervisor and is null-safe (AB13); authenticated-only grants (AB14) ;; vitest | src/test/absence.test.ts | cases absenceGaps boundary cases mirrored on the SQL cases by name (AB8, AB8b), earliest first, per operator, open-ended window ;; vitest | src/test/absenceImport.test.ts | cases column detection; person match by import id, employee ref or name with a non-unique match an error; bad date, inverted range, blank reason; insert versus update on the derived id; mixed-file counts ;; vitest | src/test/absencesPanel.test.tsx | cases the section is offered to a supervisor and a viewer is denied admin; the panel records and removes through the api and shows a refusal as a sentence; an inverted range is refused client-side ;; e2e | e2e/absences.spec.ts | cases Ana records, sees and removes an absence; Viva is never offered the tab; Dana imports a CSV and a bad row is refused ;; vitest | src/test/absenceOnBoard.test.tsx | cases the board's own surfacing, each named for its 88_absences_test.sql twin: the create pop-up names the leave before Create and refuses in place under block or warns under warn (AB8, AB8b, AB9); the reassign pop-up does the same for the chosen person and never walls a field-only edit (AB11); the operator panel marks whoever is away over the shown window; the `absent` describer names one person or the whole crew (AB10) and falls through to Unknown on a malformed payload; the warn-path keys parse, defaulting to not-absent on an older payload ;; e2e | e2e/absenceOnBoard.spec.ts | cases Ana records an absence over the shown week, the board marks the person on leave on the operator panel and names it in the create pop-up's line, then the absence is removed",,Extremely thorough — probably the single most heavily tested requirement in the whole file.,
R-351,An admin invites a person by email and they land with their grants,covered,maintainer,"queue item ""P1-6c invitations — an Edge Function calling auth.admin.inviteUserByEmail"" session 85 conversation","On the Access panel, an admin who searches by an email that matches nobody in the company is offered ""Invite <email> to <place> as viewer / supervisor / admin"": the same three roles set_site_member accepts, gated by the same predicate (admin only at a plant root). The project's first Edge Function (`supabase/functions/invite`) does the one call a browser cannot: it checks app_is_admin_anywhere AS THE CALLER (an unauthorised caller costs no email), invites the person by email with the service role, with a redirect to <origin>/reset-password checked against an allow-list, inserts their user_profiles row for the caller's org (role viewer), then grants the role AS THE CALLER through set_site_member, so the database keeps the final say. It reads the profile and the grant back before answering ok, and deletes the profile again if the grant is refused, returning the refusal verbatim in the SchedulerError shape. An email already in this org answers already_member; one in another org is refused and nothing is said about the other org. A supervisor is refused directly and is never offered the control.",yes,"e2e | e2e/invite.spec.ts | cases an admin invites by email, the person sets a password and lands with their grant (Dana invites a throwaway to Plant A, the emailed token is exchanged live, the password is set and the person lands on the board, not the no-access dead-end); a supervisor cannot invite, the function refuses her directly ;; vitest | src/test/inviteFlow.test.ts | cases O1-O5 canOfferInvite only when an email matches nobody and the caller may grant; R1-R2 inviteRoles reuse siteAccess's menu, admin only at a root; B1-B2 the request body; L1-L2 looksLikeEmail; S1-S2 and E1-E2 the outcome sentences, other_org saying nothing about the other org ;; vitest | src/test/siteAccessInvite.test.tsx | cases the invite control is offered for an unmatched email search and not for a matched one or a non-email name search ;; sql | supabase/tests/86_invite_test.sql | cases G4 the site_people refusal guards still fire (non-admin not_permitted, bad node invalid_argument)",,"Solid, a live-email invite flow tested end-to-end.",
R-352,An invited person sets a password from the link and shows as invited until first sign-in,covered,maintainer,"queue item ""P1-6c invitations — an Edge Function calling auth.admin.inviteUserByEmail"" session 85 conversation","The auth server sends an invite link with type=invite; supabase-js turns it into a session and fires SIGNED_IN, not PASSWORD_RECOVERY. initialRecoveryFlag is widened so a type=invite fragment seeds the recovery flag too, and the same route gate sends the session to /reset-password, where the copy reads ""Set your password"" instead of ""Set a new password"". After the password is set the person is signed in and lands on the board of the place they were granted. In the Access panel the person is marked ""invited"" (site_people carries invitedPending, last_sign_in_at IS NULL, migration 0064) until their first sign-in; a profile whose auth row is absent reads as invited as well, the safe direction.",yes,"vitest | src/test/session.test.ts | cases P8 initialRecoveryFlag, a type=invite hash seeds the flag, type=invitex and magiclink do not ;; vitest | src/test/siteAccessInvite.test.tsx | cases the invited mark shows on a member who has never signed in and not on one who has ;; sql | supabase/tests/86_invite_test.sql | cases I1 invited reads invitedPending true and a signed-in person false in the same payload; I2 a profile with no auth row reads true; I3 the invited person still carries their grant and email; G1-G3 and G5 0060's search, limit, total and grant guards survive the re-emit ;; e2e | e2e/invite.spec.ts | cases the invited person's link shows the ""Set your password"" heading and lands them on the board",,Solid.,
R-353,"The board's axis is the plant's local time, resolved upward and carried in the payload",covered,maintainer,"D88 §19.21 queue item ""Per-site timezone (D10 / D88)"" session 85 conversation","The board renders in the plant's local time (D88a): a 06:00 shift reads 06:00 to the people working it. The zone hangs off a NODE and resolves nearest-ancestor with a company fallback (orgs.settings.timezone, default UTC), the same mechanic as date_format: the third key of node_settings, an IANA name validated against pg_timezone_names. It is resolved on the SERVER for the board's own root (app_resolve_node_setting, a definer) and carried on board_window as a top-level `timezone` token, so a line supervisor who cannot read her plant root still gets the plant's zone; the client never walks the ancestry for it (DEF-0016, DEF-0017). ⚠️ ONE EDGE LEFT OPEN BY THE LANE, FOR THE REVIEWER AND THE QUEUE: the board's fetch window is still keyed on the UTC day marker while the axis is plant-local, so at the far edge of the window up to the zone's offset of runs can fall outside the fetched range until the person scrolls. Nothing in the demo world reaches it; it is a follow-up (widen the fetch by a day, or key it on the plant-local origin once the zone is known).",yes,"sql | supabase/tests/87_plant_timezone_test.sql | cases T1 an invalid IANA name is refused invalid_argument; T2 a plant override beats the company default and a child inherits it; T3 an untouched plant follows the company and the zero state coalesces to UTC, never null; T3b the supervisor can read neither the plant root nor its timezone row; T4 her board payload nevertheless carries the plant's America/Chicago; T5 a supervisor is refused not_permitted on the write and nothing is stored ;; sql | supabase/tests/60_api_test.sql | cases the board_window shape check allows `timezone` as a resolved-for-root scalar key beside date_format ;; vitest | src/test/shapes.test.ts | cases parseBoardWindow carries timezone, lenient, an absent or unusable name falling back to UTC ;; vitest | src/test/boardTime.test.ts | cases formatClock, formatDayLabel, startOfDay and mondayOfWeek are zone-aware and default to UTC ;; e2e | e2e/roleWalk.spec.ts | cases Ana's board axis (the header clock) equals Dana's, as her shift chips and date format do, and Dana's axis is not empty",,"Solid, and T3b/T4 specifically test the invoker-vs-definer lesson (supervisor can't read the row but the payload still carries it) — the DEF-0016/17 lesson applied and tested correctly.",
R-354,"A shift keeps its posted wall-clock start across a DST change, and the geometry follows",covered,maintainer,"D88 §19.21 queue item ""Per-site timezone (D10 / D88)"" session 85 conversation","Under a plant-local axis a local day is 1380 or 1500 minutes on the two changeover days a year (D88b). A shift keeps its posted wall-clock start across the change, so a 22:00 to 06:00 shift is 7 hours on the spring-forward night and 9 on the fall-back night. Board geometry maps each day's shifts at that day's local midnight plus the wall-clock time, through a per-window axis of local-midnight instants, not day times 1440; every minutes-per-day multiplication in the board's geometry, header and hit-testing goes through that axis. A window not crossing a changeover is pixel-identical to the output before this change.",yes,vitest | src/test/geometryDst.test.ts | cases America/Chicago 2026-03-08 is 1380 minutes wide and its 22:00 to 06:00 night is 420 minutes; 2026-11-01 is 1500 wide and its long night is 540; the day labels stay on their days; a non-crossing June window and a UTC axis are day times 1440 exactly ;; vitest | src/test/boardGeometry.test.ts | cases the existing shift-geometry cases pass unchanged with a UTC day axis,,"Solid, though the DST dates are hardcoded to 2026's specific changeover days — minor future-maintenance risk, worth a note to check in a year rather than a current gap.",
R-355,A plant's time zone is set in Settings under the same rules as its date format,covered,maintainer,"D88 §19.21 queue item ""Per-site timezone (D10 / D88)"" session 85 conversation","The Settings tab gains a third row, ""Time zone"", following the plant filter like the date format and the eligibility policy: choose a plant and it edits that plant's zone, choose all plants and it edits the company default. The one-select-two-option-lists rule holds (a plant offers ""use the company setting"" first, then the zones); the option list is a curated list of about sixty common zones with the browser's full list when it can supply one. Company scope writes set_org_timezone; plant scope writes set_node_setting or clears it.",yes,"vitest | src/test/settingsPanel.test.tsx | cases three settings each with the three states (inheriting, set here, set here to the other); choosing a zone on a plant writes set_node_setting with the timezone key; an inheriting plant names the company zone ;; vitest | src/test/settingRowStandard.test.ts | cases three rows, one control each, the shared-row audit still holds with the third setting ;; vitest | src/test/apiPlantSettingsShape.test.ts | cases NODE_SETTING_KEYS is exactly eligibility_policy, date_format, timezone",,"Solid, and the NODE_SETTING_KEYS exhaustiveness check is a nice closed-set test.",
